location_id,review_id,review_text,date,group,results_rate
0,0,久しぶりに紅葉を楽しめました。,11/2021,一人,4
0,1,芸術の散歩道～大噴水　間に公衆ﾄｲﾚ《上野ﾄｲﾚﾐｭｰｼﾞｱﾑ》があること　初めて知りました,11/2021,,5
0,2,広い公園を半日のんびり,10/2020,ファミリー,5
0,3,桜,3/2021,,5
0,4,超広大な都市公園,3/2020,,4
0,5,秋雨の静寂を感じました。,10/2020,一人,4
0,6,上野駅公園口が、だいぶ綺麗に改修されました。,9/2020,,5
0,7,木々が多く、暑い夏に涼を得られる公園,8/2020,,4
0,8,上野の名所,7/2020,ファミリー,5
0,9,良い散歩,7/2020,友達,5
0,10,ランニングコース,5/2020,一人,5
0,11,桜の季節に行ってみたい,7/2019,,3
0,12,散歩が楽しい,1/2020,ファミリー,4
0,13,平日も賑わっている,12/2019,一人,3
0,14,夜の上野公園もよし！,4/2020,,5
0,15,都会のオアシス,3/2020,ファミリー,4
0,16,ブルーシートなしの花見は上々,3/2020,カップル・夫婦,4
0,17,なんと言ってもその真価は桜の時期,3/2020,,5
0,18,彰義隊の墓,3/2020,,3
0,19,令和最初のお花見はちょっと寂しい,3/2020,,4
0,20,負けるな！　Ten Ánimo!Ｅsfuerzate！　Don't give up!,3/2020,,4
0,21,通路が広々,3/2020,カップル・夫婦,5
0,22,ごった返し,3/2020,カップル・夫婦,2
0,23,何かご不満でも（お取込中に一句「道の辺の＊）,1/2020,,5
0,24,海外の方にはお祭り広場、国立博物館や美術館が素晴らしい！,4/2019,,5
0,25,お花見🌸🍺🌸,3/2020,一人,5
0,26,ゆっくり、まったり,2/2020,友達,5
0,27,桜が咲きました,2/2020,ビジネス,5
0,28,さくらはまだ,2/2020,,3
0,29,春が楽しみ！,2/2020,カップル・夫婦,5
0,30,酒屋角打ちフェス,2/2020,カップル・夫婦,5
0,31,桜の名所,2/2020,,4
0,32,春を感じて,2/2020,一人,5
0,33,冬でも見られる寒桜,2/2020,カップル・夫婦,4
0,34,上野公園,1/2020,カップル・夫婦,3
0,35,・・のパンダのポスト！,1/2020,,5
0,36,憩いの場,12/2019,カップル・夫婦,5
0,37,桜が綺麗,4/2019,友達,3
0,38,美術館ありいろんな楽しみ方あります。,11/2019,一人,4
0,39,広い公園です,11/2019,,3
0,40,モノレール,10/2019,,3
0,41,動物園 神社 美術館 野球場 自然,11/2019,カップル・夫婦,5
0,42,",間を通して楽しめる公園",3/2019,,4
0,43,"桜の名所で有名な上野公園は美術館や博物館、動物園など盛りだくさんで,間を通して楽しめます",11/2019,,4
0,44,人混みが凄かった。,11/2019,一人,3
0,45,大道芸やってますよ,10/2019,友達,4
0,46,散歩にぴったり,11/2019,ファミリー,3
0,47,かなり広かった,10/2019,,4
0,48,Kカンパニー バレエ,5/2019,ファミリー,5
0,49,此処の桜は素晴らしいです。,6/2019,,5
0,50,ぶらぶらするだけで楽しい,10/2019,,5
0,51,十桜が咲き出しています。,9/2019,,5
0,52,観光スポット,9/2019,一人,4
0,53,広いです。,9/2019,一人,4
0,54,1日満喫できる,9/2019,一人,5
0,55,お花見と人の波,4/2019,友達,5
0,56,広い,4/2019,一人,4
0,57,ソメイヨシノ以外の品種のサクラが咲いていた,3/2019,,4
0,58,大きい公園,8/2019,ファミリー,5
0,59,都会のオアシス,8/2019,ファミリー,4
1,0,千鳥ヶ淵緑道の散歩がgood！,2/2022,一人,4
1,1,"2021,【桜満開時】ボート情報",4/2021,カップル・夫婦,5
1,2,桜の時期の堀は見事な景観です。,1/2021,,3
1,3,桜の名所,5/2019,一人,4
1,4,"例,になくひっそりですが、それでも美しさは変わらない。",3/2020,,4
1,5,さくらドライブ4,3/2020,,4
1,6,"2020,[千代田のさくらまつり]は中止となり　[千鳥ｹ淵ﾗｲﾄｱｯﾌﾟ（325日～425日）]も中止となりました",3/2020,,5
1,7,桜には少し早かったが,3/2020,,4
1,8,気分転換を兼ねて訪問・散策。,3/2020,,4
1,9,桜の時期が一番,1/2020,,4
1,10,桜の時期が綺麗,1/2020,カップル・夫婦,3
1,11,憩いの場,12/2019,,4
1,12,素晴らしい桜です,6/2019,,5
1,13,桜の季節は圧倒,3/2019,ビジネス,5
1,14,ボートからお花見を,4/2019,友達,5
1,15,散歩にいいです,9/2019,,4
1,16,桜、満開！,4/2019,カップル・夫婦,5
1,17,桜スポット,4/2019,,5
1,18,都会のオアシス,4/2019,ファミリー,5
1,19,1番すきな花見スポット,4/2019,ビジネス,5
1,20,美しい桜,3/2019,ファミリー,4
1,21,ここだけの雰囲気,3/2019,ファミリー,5
1,22,桜の名所,4/2019,カップル・夫婦,4
1,23,桜の名所,4/2019,一人,5
1,24,桜の名所です。,5/2019,一人,4
1,25,お濠,9/2018,一人,3
1,26,風が強いと,4/2019,ファミリー,4
1,27,花見の名所,4/2019,カップル・夫婦,4
1,28,東京タワーがみえた,3/2019,ファミリー,4
1,29,桜の名所といえばここ！,4/2019,友達,5
1,30,やはり、桜でしょう！,4/2019,カップル・夫婦,5
1,31,桜の時期がベストです。,6/2018,友達,4
1,32,桜の名所,4/2019,カップル・夫婦,3
1,33,桜が終わって新緑も綺麗,4/2019,一人,4
1,34,田安門から,4/2019,一人,3
1,35,平成最後,4/2019,一人,3
1,36,満開の桜に逢えました！,4/2019,カップル・夫婦,5
1,37,桜がギリギリ見れた！,4/2019,ビジネス,5
1,38,桜の名所,4/2019,一人,5
1,39,桜の季節が素晴らしい,4/2019,友達,5
1,40,桜の名所,4/2019,ファミリー,5
1,41,お散歩,4/2019,ファミリー,4
1,42,"今,はいい",4/2019,友達,4
1,43,試しに列に並んでみる,4/2019,カップル・夫婦,5
1,44,桜が超綺麗！！！,4/2019,ビジネス,5
1,45,仕事終わりに夜桜をちょいと・・・。,4/2019,友達,4
1,46,ボート,4/2019,カップル・夫婦,5
1,47,花見,3/2019,カップル・夫婦,4
1,48,花鳥風,3/2019,一人,5
1,49,桜満開🌸東京シャングリラ ,3/2019,カップル・夫婦,5
1,50,千鳥ｹ渕の桜を楽しむのであれば地下鉄[九段下駅]に置いてある《千代田さくら祭り公式ｶﾞｲﾄﾞMAP》がお役立ちです,3/2019,一人,5
1,51,満開までもうすぐ！,3/2019,友達,4
1,52,平日・早め・寒い日がお勧め,3/2019,ファミリー,4
1,53,桜満開,3/2019,ファミリー,4
1,54,夜桜,3/2019,友達,4
1,55,花見の名所です,3/2019,カップル・夫婦,4
1,56,ライトアップ,3/2019,一人,5
1,57,2019桜ライトアップ,3/2019,ファミリー,4
1,58,左側通行・機材が目に着くようになりました,3/2019,一人,5
1,59,"2019,のライトアップが始まりました",3/2019,一人,5
2,0,祇園の花街,12/2021,,4
2,1,インバウンドは消えたが・・・風情も昔には戻れません・・・,9/2021,,2
2,2,日中は静かで侘び寂びあるwalking streetです,3/2021,一人,4
2,3,従来は着物を着た外国人観光客で一杯,1/2021,一人,4
2,4,祇園を感じさせる,11/2020,,3
2,5,外国人観光客が激減し静かな雰囲気,3/2020,,3
2,6,雰囲気はとても良い,3/2020,一人,5
2,7,ほとんど人のいない花見小路に昔の風情が復活,2/2020,,1
2,8,観光客でいっぱい,1/2020,,2
2,9,京都らしいですが,12/2019,ビジネス,4
2,10,もの凄い混雑,1/2020,,1
2,11,街並みが綺麗,12/2019,,4
2,12,美味しいカフェなどもあり,11/2019,,4
2,13,看板が多すぎです,11/2019,カップル・夫婦,3
2,14,最近話題になりました,9/2019,,3
2,15,着物がマッチ,10/2019,カップル・夫婦,5
2,16,人が凄いです,7/2019,,3
2,17,変わりました,9/2019,カップル・夫婦,4
2,18,ぶらぶら,6/2019,友達,4
2,19,風情がある,9/2019,友達,4
2,20,京都の大人の夜,9/2019,カップル・夫婦,5
2,21,Good,8/2019,一人,5
2,22,花見小路通りでもこの祇園甲部は京都で最大の花街です,7/2019,一人,5
2,23,風情を楽しむなら夕方以降,7/2019,一人,3
2,24,着物を来て歩きました！,11/2018,友達,4
2,25,ひさしぶりに,6/2019,友達,3
2,26,祇園、観光地にふさわしい花見小路、京都らしい！,6/2019,ファミリー,4
2,27,京都らしい佇まい,8/2018,ファミリー,4
2,28,花見小路から路地に入ル,11/2018,一人,3
2,29,祇園の人気スポット,9/2018,一人,4
2,30,昼は静,6/2018,ファミリー,4
2,31,散歩,2/2019,一人,3
2,32,平日の曜日、外国人の観光客で一杯！,4/2019,カップル・夫婦,3
2,33,素敵なお店がたくさん,4/2019,友達,4
2,34,ちょっとそこまで、「花見小路通」ヘ ！,3/2019,一人,4
2,35,趣のある街並み,3/2019,カップル・夫婦,4
2,36,風情ある,3/2019,ファミリー,3
2,37,混雑,3/2019,友達,4
2,38,それにしてもすごい人,10/2018,,4
2,39,夕暮れ時は、舞妓、芸子さんが見れますよ。,5/2018,カップル・夫婦,5
2,40,伝統文化がリアルに続く数少ない地域のひとつ,5/2018,ファミリー,5
2,41,道幅が広い,12/2018,友達,4
2,42,祇園のメイン通り,11/2018,一人,3
2,43,団体の人が多い,11/2018,友達,3
2,44,完全に観光客狙い。,11/2018,一人,3
2,45,ザ京都,10/2018,カップル・夫婦,4
2,46,海外観光客向け？,9/2018,,2
2,47,騒がしい,9/2018,一人,5
2,48,明治、大正期の花街ですね。,9/2018,一人,4
2,49,のんびり散策,11/2017,ファミリー,4
2,50,京都らしい路地,8/2018,一人,5
2,51,風情がない。,5/2018,一人,2
2,52,石畳の通り,7/2018,カップル・夫婦,3
2,53,気軽に入れるお店も,7/2018,ファミリー,3
2,54,京都を感じたいなら,7/2018,,4
2,55,着物姿が良く似合います,5/2018,カップル・夫婦,4
2,56,人が多い,5/2018,,3
2,57,ふらっとぷらっと,12/2017,友達,4
2,58,京都らしい雰囲気のある通り,5/2018,一人,4
2,59,京都らしい建物と通り,5/2018,一人,3
3,0,孫と遊ぶ,2/2022,,5
3,1,"2020,722日に[ｲﾝﾌｫｰﾒｰｼｮﾝｾﾝﾀｰ]がﾘﾆｭｰｱﾙ・ｵｰﾌﾟﾝ後　初めて訪問、[Virtual Nature Experience  4K画質]を　是非　ﾄﾗｲされることお薦めします",1/2022,,4
3,2,高齢者は半額です,10/2021,,5
3,3,豊かな自然,10/2021,,4
3,4,久々の都区内行き,10/2021,,5
3,5,新宿御苑,8/2020,一人,5
3,6,"2021,4現在予約が必要です",4/2021,,5
3,7,休園が延長されています,1/2021,,4
3,8,行ってみてください♪,11/2020,一人,5
3,9,都会の中の素敵な場所,10/2020,,4
3,10,広大な園,11/2019,一人,3
3,11,都会のオアシス,12/2019,友達,5
3,12,桜,4/2020,一人,5
3,13,ビルと青空を背景にいろいろな桜,3/2020,カップル・夫婦,4
3,14,3/20　桜咲いていました,3/2020,カップル・夫婦,5
3,15,気持ちいい！,3/2020,カップル・夫婦,5
3,16,都内の桜なら,3/2020,,4
3,17,種々のサクラと庭園が綺麗,3/2020,,5
3,18,A vast park in the heart of Shinjuku Cherry blossoms have started to bloom!,3/2020,一人,5
3,19,トリップアドバイザー日本トップの公園として十二分な必見の価値ある公園,4/2019,,5
3,20,🌸,3/2019,カップル・夫婦,3
3,21,冬枯れの季節でも素敵,12/2019,,5
3,22,広い,2/2020,,4
3,23,広い公園です。,6/2019,,3
3,24,いつ行っても素晴らしい新宿御苑,2/2019,,5
3,25,癒される空間,9/2019,友達,4
3,26,静かにお花見ができます,4/2019,,5
3,27,規模の大きい公園,1/2020,友達,3
3,28,東京、新宿とは思えない巨大な公園,11/2019,,5
3,29,四季おりおり,11/2019,,4
3,30,紅葉が素晴らしい,11/2019,友達,5
3,31,この時期もね。,11/2019,ファミリー,5
3,32,お散歩,4/2019,,4
3,33,そろそろ紅葉,11/2019,一人,5
3,34,いろんな花があります。,4/2019,カップル・夫婦,5
3,35,初めての訪問でした,11/2019,,3
3,36,散歩に最高,12/2018,ファミリー,4
3,37,菊も一部は蕾,11/2019,一人,4
3,38,ここは新宿？,5/2019,友達,4
3,39,バラは４分咲きでした,10/2019,,4
3,40,桜の時期は必須,4/2019,,5
3,41,緑が多くて元気になれる場所,10/2019,一人,5
3,42,都会のオアシス,2/2019,ファミリー,5
3,43,大都会の真ん中の憩いの空間,9/2019,,5
3,44,一日のんびり過ごせます！,5/2019,友達,5
3,45,春のさくらが有名です。,9/2019,一人,4
3,46,こんな都会に素晴らしい日本庭園,9/2019,,5
3,47,言の葉の庭,9/2018,,5
3,48,蝉時雨のいまです。,8/2019,,3
3,49,映画『言の葉の庭』の舞台,8/2019,,5
3,50,お散歩,1/2019,一人,3
3,51,季節ごとに楽しめる,11/2018,友達,5
3,52,いい感じ,4/2019,ファミリー,4
3,53,のんびり,7/2019,一人,5
3,54,何時でもきれいです。,4/2019,ファミリー,5
3,55,都会のオアシス,7/2019,カップル・夫婦,4
3,56,素晴らしき、都会のオアシスです。ちょっと驚いたな。,7/2019,友達,5
3,57,沖田総司逝去の地,7/2019,一人,3
3,58,広くて綺麗な都会のオアシス,6/2019,ファミリー,5
3,59,新宿で自然豊かなオアシスです。,4/2019,ファミリー,5
5,0,三宝院の庭園、唐門など見物が多い,2/2022,,5
5,1,手家運は素晴らしいが・・・,1/2022,,5
5,2,真言宗醍醐派の本山,9/2021,,3
5,3,一日仕事,5/2021,一人,5
5,4,広い。そして、よく分からない。,5/2021,カップル・夫婦,3
5,5,天下無双の桜の名所,3/2021,,5
5,6,枝垂れ桜で有名です,3/2021,一人,4
5,7,やはり弁天堂の夜景は素晴らしい,11/2020,,5
5,8,弁天堂とその周囲が素敵です,10/2020,,5
5,9,「花の醍醐」は桜だけではありません,10/2020,,5
5,10,息を呑む風景,4/2020,カップル・夫婦,5
5,11,紅葉の時期に訪れました,11/2019,,5
5,12,京都の桜の名所,12/2019,,4
5,13,醍醐の花見,3/2020,ファミリー,5
5,14,醍醐の桜を見に行きました,3/2020,,4
5,15,景色は綺麗だけど,11/2019,ファミリー,2
5,16,台風被害にも負けないで,3/2020,,4
5,17,醍醐寺の桜,4/2019,友達,5
5,18,広く見ごたえ充分の古刹です,12/2019,,4
5,19,1210日からは通常拝観料,11/2019,,4
5,20,桜のシーズンに行きました,3/2019,,4
5,21,醍醐寺ではまず下醍醐に参拝しました,10/2019,,5
5,22,ただ欲深いだけの悪徳観光寺院,11/2019,,1
5,23,落ち着く良い場所です,9/2018,,5
5,24,落ち着いてみられる秋の季節も素敵,11/2018,ファミリー,5
5,25,京都駅からバス一本で行けます,6/2019,カップル・夫婦,5
5,26,圧倒的な濃さと広さ,2/2019,友達,5
5,27,大きなお寺,12/2018,一人,4
5,28,桜と醍醐寺,4/2019,一人,5
5,29,醍醐寺の花見,3/2019,ファミリー,4
5,30,醍醐寺の花見,4/2019,一人,5
5,31,台風の爪痕が…,4/2019,ファミリー,5
5,32,桜満開,4/2019,カップル・夫婦,4
5,33,凄い力持ちの方たち,2/2019,一人,4
5,34,醍醐寺でお花見,4/2019,一人,5
5,35,拝観料高すぎる,4/2019,友達,2
5,36,広い庭園,3/2019,,4
5,37,想像していたよりも広い,2/2019,一人,4
5,38,時間をかけてみる価値があります,3/2019,ファミリー,4
5,39,秀吉の大茶会,4/2018,友達,4
5,40,"広大な境内。優美な国宝五重塔。2018,の台風21号の倒木被害の爪痕。",3/2019,カップル・夫婦,4
5,41,（古い曲ですが）「春先小紅」の曲を口ずさんでしまいました。,2/2019,一人,5
5,42,結構広いです,2/2019,カップル・夫婦,4
5,43,冬のお祭り「五大力さん」,2/2019,カップル・夫婦,5
5,44,冬,1/2019,友達,3
5,45,意外と近い秀吉ゆかりの古刹,12/2018,一人,4
5,46,世界一の花見,4/2018,カップル・夫婦,5
5,47,京都の超人気スポットの紅葉ライトアップ！！国宝の五重塔は紅葉以上に素晴らしいです！！,11/2018,一人,5
5,48,見どころがたくさん,1/2019,カップル・夫婦,5
5,49,国宝,10/2018,一人,4
5,50,豊臣秀吉ゆかりのお寺,11/2018,友達,5
5,51,庭綺麗だな,11/2018,一人,3
5,52,現状をありのままに申し上げます。,11/2018,一人,3
5,53,霊宝館に新しいレストランができてます。,10/2018,カップル・夫婦,5
5,54,駅からのアクセス良くなった。,10/2018,一人,3
5,55,上醍醐まで歩いて行けます,6/2018,ファミリー,4
5,56,静寂,12/2017,友達,5
5,57,広くて、立派な境内,9/2017,ファミリー,4
5,58,激混み,4/2018,,4
5,59,桜は素晴らしい。,3/2018,友達,5
6,0,都会のオアシス,8/2021,一人,4
6,1,都会の中の憩いの場,9/2020,,4
6,2,夜でも人が多い,11/2019,,4
6,3,ブルーシート,8/2020,,3
6,4,広々としており気持ちがいい,6/2020,,4
6,5,金曜日の夜に,9/2019,,4
6,6,雰囲気いい公園,11/2019,一人,3
6,7,ミモザと河津桜,2/2020,一人,4
6,8,花見,4/2019,,4
6,9,都会のオアシス,3/2020,,5
6,10,広い公園で桜を見ながらお弁当,3/2020,ファミリー,4
6,11,広すぎです,3/2020,,3
6,12,懐かしい公園,3/2019,ファミリー,4
6,13,写真撮影で,10/2019,,4
6,14,レンタル自転車,2/2020,ファミリー,3
6,15,広い公園です。,5/2019,,3
6,16,毎週の様にイベントがあるので楽しめます　,6/2019,,3
6,17,運動,12/2019,友達,5
6,18,期間限定で、「青の洞窟 SHIBUYA」が行われています。素晴らしい。幻想的でした。,12/2019,,5
6,19,お急ぎください！,12/2019,,5
6,20,青の洞窟 Shibuya 2019,12/2019,一人,5
6,21,BLUE CAVE,12/2019,友達,4
6,22,参宮橋門,12/2019,友達,5
6,23,平日は静かに散歩,12/2019,カップル・夫婦,4
6,24,青の洞窟を見ました,12/2019,,3
6,25,"今,の青の洞窟",12/2019,,4
6,26,雨の日は流石に人が少ない,12/2019,一人,4
6,27,青の洞窟スタート,12/2019,カップル・夫婦,3
6,28,一体・・・どのくらいの人が？,6/2019,,4
6,29,代々木公園,11/2019,カップル・夫婦,4
6,30,広い,11/2019,一人,3
6,31,朝は気持ち良い,10/2019,一人,4
6,32,公園で読書,10/2019,,4
6,33,代々木公園広い,10/2019,一人,4
6,34,インドフェスに行きました。,9/2019,一人,3
6,35,夏を堪能できる場所,9/2019,友達,4
6,36,場所によります,7/2019,,1
6,37,いろんな楽しみ方,9/2019,カップル・夫婦,4
6,38,都心のオアシス,3/2019,一人,4
6,39,都心の公園,4/2019,,3
6,40,おしゃぴく,11/2018,友達,3
6,41,代々木公園,7/2019,友達,3
6,42,イベントがよく行われている,7/2019,一人,4
6,43,都会のオアシス,4/2019,カップル・夫婦,4
6,44,都会の真ん中にある大きな公園,4/2019,カップル・夫婦,5
6,45,好きな公園,7/2019,カップル・夫婦,5
6,46,イベント開催,5/2019,一人,3
6,47,緑豊かで雑多な公園！,6/2019,友達,4
6,48,広い公園,3/2019,一人,3
6,49,都心にあるグリーン&フラワー,6/2019,ファミリー,5
6,50,東京の公園,5/2019,,4
6,51,駅近！！ 5番目に広い都立公園,5/2019,友達,4
6,52,イベントも豊富,5/2019,カップル・夫婦,5
6,53,バラ園,5/2019,友達,4
6,54,新緑,5/2019,ファミリー,4
6,55,イベント盛りだくさん,5/2019,カップル・夫婦,4
6,56,薔薇がきれい,5/2019,一人,4
6,57,広くて憩いの場,5/2019,,4
6,58,緑が濃くなってきました。,5/2019,一人,4
6,59,定番,5/2019,ファミリー,5
8,0,桜,4/2021,友達,5
8,1,散歩に好適,5/2020,,3
8,2,公園の桜の手入れが行き届いた桜の名所,3/2021,,5
8,3,一般的な染井吉野、大島桜以外にも、西宮権現平桜、夙川舞桜など色々咲いています,3/2021,,5
8,4,桜のロケーションは最高(∩´∀`∩)♪,4/2020,一人,5
8,5,桜の名所です,3/2020,一人,4
8,6,サクラの季節は感動もの,4/2019,,4
8,7,桜が素晴らしい,3/2019,,5
8,8,桜の名所,4/2019,カップル・夫婦,5
8,9,夙川沿いの桜並木が見事な公園,4/2019,,4
8,10,お花見,4/2019,ファミリー,5
8,11,紫陽花が美しく咲いていた,6/2019,カップル・夫婦,4
8,12,桜は最高！,4/2019,ファミリー,4
8,13,桜のシーズンにお写んぽ,4/2019,一人,5
8,14,桜まつりの時期だけお弁当を食べてもＯＫ,4/2019,ファミリー,5
8,15,日本の桜百選、素晴らしいです,4/2019,カップル・夫婦,5
8,16,定番の桜並木,3/2019,ファミリー,5
8,17,春がいい,3/2019,友達,4
8,18,"今,のサクラ開花は遅そう!",3/2019,一人,4
8,19,散歩コースとして秀逸,3/2019,カップル・夫婦,5
8,20,桜,4/2018,ファミリー,4
8,21,箱庭のような桜,4/2018,一人,4
8,22,桜の名所です,12/2018,一人,4
8,23,桜の季節はとてもいいですが…,11/2018,カップル・夫婦,4
8,24,ぶらぶらと,11/2018,,4
8,25,桜の季節がオススメ,4/2018,友達,5
8,26,夙川,10/2018,一人,3
8,27,いつ行っても綺麗,4/2018,友達,5
8,28,夙川公園♪,8/2018,一人,4
8,29,桜がきれい,3/2018,ファミリー,4
8,30,桜の季節におすすめ,4/2018,友達,4
8,31,阪神間を代表する花見スポットです。,4/2018,カップル・夫婦,5
8,32,桜の名所,5/2018,ファミリー,5
8,33,桜,4/2018,一人,5
8,34,桜散った後は何もないところです,4/2018,友達,3
8,35,立地がいい！！,4/2018,カップル・夫婦,5
8,36,花見の時期の賑わいがサイコー,4/2018,ファミリー,4
8,37,花見,3/2018,友達,5
8,38,桜の名所,3/2018,一人,4
8,39,花見の名所,4/2017,友達,1
8,40,桜以外の季節も,6/2017,カップル・夫婦,4
8,41,桜,4/2017,一人,4
8,42,春を感じる気持ち空間,4/2017,友達,4
8,43,ただ散歩するだけでも,1/2018,一人,4
8,44,桜,4/2017,一人,5
8,45,お花見,4/2017,一人,5
8,46,お散歩,1/2018,一人,5
8,47,ゆったり優雅な気分,12/2017,一人,5
8,48,おしゃれな川道,4/2017,,4
8,49,お花見,4/2017,友達,5
8,50,桜🌸と水が綺麗な公園,4/2017,一人,5
8,51,児童と一緒でも楽しめるレストラン,7/2017,友達,5
8,52,",に1回の「春先、桜見物」のコース",4/2017,,5
8,53,日本屈指の桜の名所,4/2017,,5
8,54,桜の名所,4/2017,,5
8,55,憩いの場所,5/2017,,5
8,56,電車を間近に,5/2017,一人,4
8,57,桜シーズンは最高です！,4/2017,ファミリー,5
8,58,桜満開,4/2017,友達,5
8,59,絶景のさくらを！,4/2017,,5
9,0,見直しました,1/2022,,4
9,1,迫力ある「双龍図」,12/2021,,4
9,2,なんか京都ということでいろいろと勘ぐってしまう,10/2021,カップル・夫婦,1
9,3,★苦しめど　一句も詠めず　蓮の花,7/2021,,4
9,4,目的は俵屋宗達の屏風か法堂の双龍図！,9/2021,,5
9,5,規模はそこそこ大きいが・・・それほどの寺院とは感じなかったけど・・・京の都は大寺院で一杯なので・・・。,7/2021,,3
9,6,見どころいっぱいのお寺,6/2021,,5
9,7,京都の宝,6/2021,カップル・夫婦,5
9,8,日本国内でも歴史を作った大寺院です。,5/2021,,5
9,9,花見小路の突当りにあります,3/2021,一人,4
9,10,禅師のたたずまい,3/2021,,4
9,11,双龍図は必見,10/2020,,4
9,12,紅葉の時期がベスト,12/2020,,3
9,13,祇園の町中にあるのに大きなお寺なんですね！,10/2020,,5
9,14,行く価値あり。,11/2020,一人,5
9,15,京都最古の禅寺,10/2020,,5
9,16,きれいな庭園です,7/2020,,5
9,17,10上旬、紅葉前の建仁寺。,10/2020,,5
9,18,風神雷神,8/2020,一人,5
9,19,俵屋崇達作「風神雷神」,8/2020,,5
9,20,見どころ満載,3/2020,カップル・夫婦,5
9,21,双龍図だけじゃない見所のオンパレード,3/2020,友達,5
9,22,大満足です,2/2020,,5
9,23,京都祇園にある由緒ある禅寺,3/2020,,5
9,24,法堂天井画はとても迫力があります。,2/2020,,5
9,25,龍の空を見上げて見る,4/2019,ファミリー,5
9,26,いい寺院でしたが・・・,1/2020,,3
9,27,初めての建仁寺,10/2019,,5
9,28,旅行,1/2020,カップル・夫婦,5
9,29,双龍、,12/2019,一人,4
9,30,京都一のオススメのお寺,7/2019,ビジネス,5
9,31,オススメします,5/2019,一人,5
9,32,落ち着いたお寺,12/2019,,4
9,33,室内写真撮影可のふとっぱらな大寺院,12/2018,,5
9,34,賑やかなところです,3/2019,,4
9,35,　街中の禅寺,11/2019,一人,4
9,36,どこを見ても,5/2019,,5
9,37,フォトジェニックなお寺,10/2019,友達,5
9,38,のんびり見れます,10/2019,ファミリー,5
9,39,風神雷神図,10/2019,カップル・夫婦,5
9,40,風神雷神図屛風,10/2019,カップル・夫婦,5
9,41,広いから混雑感はない,9/2019,一人,4
9,42,祇園の喧騒から離れて,6/2019,,4
9,43,祇園花見小路の南にある臨済宗のお寺です。,3/2019,,4
9,44,圧巻の双龍図,7/2019,,5
9,45,印象的なお寺です,9/2019,一人,5
9,46,天井画,8/2019,一人,4
9,47,印象に残りました,9/2019,,4
9,48,京都の穴場,7/2019,,4
9,49,建仁寺,7/2019,,5
9,50,大雄苑,8/2019,一人,5
9,51,風神雷神,7/2019,,5
9,52,歴史ある京都らしい寺,8/2019,友達,4
9,53,もう一度,8/2019,ファミリー,5
9,54,建仁寺へ行ってきました。,8/2019,,4
9,55,素晴らしい絵画を堪能！,7/2019,一人,5
9,56,ビジュチューン,7/2019,ファミリー,5
9,57,建仁寺　霊源院の甘茶の花と七段花,6/2019,友達,5
9,58,1秒も認めない,7/2019,ファミリー,1
9,59,臨済宗の栄西が開山、風神雷神図屏風でも有名な建仁寺、心は自由であれ！,6/2019,ファミリー,4
10,0,芝生,3/2020,,4
10,1,世田谷区民の憩いの場所,3/2020,,4
10,2,都会のオアシス,9/2019,ファミリー,5
10,3,サイクリング,1/2020,一人,4
10,4,広い芝生でゆったりとお花見,4/2019,ファミリー,5
10,5,大きな公園です。,5/2019,,3
10,6,環八沿いの都立公園,1/2020,カップル・夫婦,4
10,7,環八沿いの憩いの場,11/2019,,4
10,8,nice,11/2019,ファミリー,5
10,9,広い！,4/2019,,4
10,10,お花見に！,4/2019,,4
10,11,とにかく広い！,2/2019,,3
10,12,🌸❀sakura❀🌸ヒラ、ひら、❀🌸,4/2019,,4
10,13,緑深い広々とした公園,8/2019,ファミリー,4
10,14,都心の憩いの場所,4/2019,,4
10,15,桜の名所,6/2019,ファミリー,4
10,16,雨の日は人もまばら,7/2019,ファミリー,4
10,17,緑の多い場所,6/2019,一人,5
10,18,涼しい,6/2019,ファミリー,4
10,19,広くて緑が豊か。お花見最高！,2/2019,友達,5
10,20,中心のない公園,5/2019,一人,3
10,21,休日にて,5/2019,一人,3
10,22,広い,4/2019,,5
10,23,郊外と都心の境目にある、オアシス！,10/2018,カップル・夫婦,5
10,24,桜の名所,4/2019,ファミリー,4
10,25,花見もってこい,3/2019,カップル・夫婦,4
10,26,桜がきれいでした。早めに出るのが吉。,4/2019,カップル・夫婦,5
10,27,車,4/2018,ファミリー,3
10,28,お気に入りのランニングコース,2/2019,一人,5
10,29,砧公園 ,2/2019,一人,2
10,30,アブラナが咲いていました。,2/2019,カップル・夫婦,4
10,31,広くて緑が気持ちいい,1/2019,カップル・夫婦,4
10,32,冬は特に空いています,1/2019,ファミリー,4
10,33,広い,1/2019,ファミリー,5
10,34,サイクリングコースあります,12/2018,カップル・夫婦,4
10,35,広い,10/2018,ファミリー,5
10,36,23区で数少ない、完全に緑に囲まれる場所,3/2018,一人,5
10,37,家族づれに良い,11/2018,ファミリー,3
10,38,広い,10/2018,一人,5
10,39,都会のオアシス,10/2018,ファミリー,4
10,40,都内では一番いい公園ではないでしょうか？,5/2018,ファミリー,5
10,41,四季を通じてさまざまな花が咲き乱れる,3/2018,,4
10,42,広大な敷地の公園,4/2018,ファミリー,3
10,43,広い公園,9/2018,一人,4
10,44,環八沿いですがとても良い公園です。,8/2018,,5
10,45,遊具も充実している,5/2018,ファミリー,5
10,46,桜が綺麗でした。,3/2018,一人,4
10,47,広大,5/2018,一人,5
10,48,桜満開,3/2018,ファミリー,4
10,49,近所の公園,6/2017,一人,4
10,50,昔はゴルフ場でした。,3/2018,一人,5
10,51,花見,4/2018,一人,4
10,52,お花見にちょうど良いです,4/2018,友達,3
10,53,桜の時期は大混乱,4/2018,友達,5
10,54,桜が綺麗,3/2018,ファミリー,4
10,55,お散歩,3/2018,友達,3
10,56,328日現在、桜も花桃も満開です,3/2018,一人,5
10,57,有名 花見スポット 砧公園,4/2017,友達,4
10,58,桜を見に,4/2017,,4
10,59,梅の季節に,3/2018,カップル・夫婦,3
11,0,冬はおすすめ,12/2020,,4
11,1,自然豊かなオアシス,9/2021,,4
11,2,散歩にぴったり,8/2020,カップル・夫婦,4
11,3,地下鉄の駅からも近いです,8/2020,,3
11,4,都心部で森林浴,5/2020,,4
11,5,神宮外苑のような公園に円山動物園と円山を含みます。,5/2020,,4
11,6,遊歩道沿いにリスも,10/2019,,4
11,7,円山公園は北海道神宮に隣接する観桜でジンギスカンを食べまくる名所。,5/2019,,4
11,8,森林浴と動物と神宮,10/2019,,5
11,9,確かに円い山,6/2019,,5
11,10,自然がいっぱい,1/2020,,4
11,11,観光にぴったり,11/2019,,4
11,12,市民の憩いの場,10/2019,,4
11,13,駅からすぐ,12/2019,,3
11,14,まさに都会のオアシス,11/2019,,4
11,15,円山公園駅で降りましょう,6/2019,,4
11,16,Lilaにあいに,4/2019,,5
11,17,桜の季節は人が多い,5/2019,,4
11,18,紅葉の遊歩道を歩く,10/2019,,4
11,19,全ての季節オススメ,11/2019,一人,5
11,20,紅葉,10/2019,一人,5
11,21,円山公園,6/2019,友達,4
11,22,自然豊かな公園,7/2019,,4
11,23,原生林を残した公園。よく整備された公園、施設が魅力。,7/2019,カップル・夫婦,5
11,24,さくら祭り期間中でした。,5/2019,カップル・夫婦,4
11,25,ちょっと訪問時期を間違えました；；,5/2019,ファミリー,4
11,26,結構な見晴らし,7/2019,友達,4
11,27,札幌滞在中2度訪問 パークセンターを利用すべき,7/2019,カップル・夫婦,4
11,28,木々が鬱蒼と道を覆っていました。,6/2019,一人,4
11,29,四季を感じる札幌市民の憩いの場,4/2019,,4
11,30,早朝の散歩が気持ち良い,6/2019,一人,4
11,31,地元の人用,5/2019,ファミリー,3
11,32,自然を感じる場所,6/2019,一人,5
11,33,札幌の緑豊かな公園,6/2019,友達,4
11,34,散策にちょうどよい,8/2018,友達,3
11,35,いろいろです。,4/2019,カップル・夫婦,4
11,36,身近に自然を満喫！,5/2019,ファミリー,4
11,37,散歩には最適な公園でした。,4/2019,一人,4
11,38,エゾリス,5/2019,カップル・夫婦,4
11,39,札幌のお花見,5/2019,カップル・夫婦,4
11,40,ジンギスカンで花見をするのはここですよ,5/2019,カップル・夫婦,4
11,41,桜の季節は避けたい,4/2019,一人,2
11,42,満開の桜を求めて,4/2019,カップル・夫婦,1
11,43,エゾリスに会える公園,3/2019,一人,4
11,44,動物園や北海道神宮を歩く,10/2018,カップル・夫婦,5
11,45,大自然がそのまま都市公園に,9/2018,,5
11,46,リスのいる公園,10/2018,ファミリー,4
11,47,自然豊かな公園。空気が美味しい。,10/2018,一人,5
11,48,円山球場では高校野球の全道大会が行われていました,10/2018,カップル・夫婦,4
11,49,実は気軽に登山もできる,10/2018,一人,5
11,50,リフレッシュスポット,8/2018,ファミリー,4
11,51,札幌のオシャレエリアでお散歩コース,8/2018,カップル・夫婦,4
11,52,自然を感じられます,8/2018,ビジネス,4
11,53,都会の喧騒を忘れるリスに会える公園,6/2018,カップル・夫婦,4
11,54,北海道神宮、円山動物園もある憩いの場。,5/2018,カップル・夫婦,5
11,55,都会郊外の憩いの場,8/2017,ファミリー,5
11,56,札幌市中心部近くの憩いの場,7/2018,カップル・夫婦,4
11,57,散歩がてら,4/2018,一人,5
11,58,神宮,6/2018,ファミリー,3
11,59,お花がたくさん,5/2018,一人,4
12,0,桜は最高です!,4/2021,一人,5
12,1,"2021,329日満開予想通り　若干、葉も見えはじめ",3/2021,カップル・夫婦,5
12,2,"2021, 目黒川の桜並木",3/2021,一人,5
12,3,春の暖かな日差しと桜並木は圧巻です,4/2020,,5
12,4,晩秋から冬は寂しい,10/2020,,3
12,5,桜は目黒駅より中目黒方面がいいとのこと,7/2019,,4
12,6,7の目黒川は水も少なく両側の桜も青々としていた,7/2019,,4
12,7,桜がなければ薄汚い都会の川,11/2019,,2
12,8,"今,は",3/2020,カップル・夫婦,3
12,9,桜,4/2020,,4
12,10,目黒川の桜,3/2020,友達,4
12,11,桜,3/2020,一人,4
12,12,静かな満開の桜,3/2020,,5
12,13,桜が綺麗,3/2020,友達,4
12,14,見応えある桜,3/2020,ファミリー,4
12,15,桜の時期が最高,3/2020,,5
12,16,川に覆いかぶさる桜がきれい,3/2020,,5
12,17,nice,3/2019,ファミリー,5
12,18,桜の名所です。,4/2019,,4
12,19,さくらカーニバル🌸,4/2019,ファミリー,4
12,20,目黒川桜まつりが開催されていました,4/2019,,4
12,21,水が綺麗になった,8/2019,一人,3
12,22,桜、きれいでした。,4/2019,カップル・夫婦,4
12,23,観光地じゃない,8/2019,一人,3
12,24,目黒というブランドありき,4/2019,カップル・夫婦,2
12,25,マナーを守って欲しい,4/2019,カップル・夫婦,4
12,26,桜の名所,4/2019,カップル・夫婦,4
12,27,お花見に,4/2019,ファミリー,3
12,28,平日の早朝がお勧め！,4/2019,一人,5
12,29,思い出の場所,5/2019,一人,5
12,30,散策,5/2019,一人,3
12,31,都内屈指の桜の名所,4/2019,ファミリー,5
12,32,桜シーズン,4/2019,ファミリー,4
12,33,桜の時期は激混みです,4/2019,,4
12,34,桜がきれい,4/2019,一人,3
12,35,川を覆いつくす満開の目黒川の桜！,4/2019,カップル・夫婦,5
12,36,目黒川沿いの桜並木,3/2019,ファミリー,5
12,37,目黒の桜,4/2019,一人,3
12,38,桜,4/2019,友達,5
12,39,お花見み,4/2019,一人,1
12,40,朝がオススメ！,4/2019,一人,4
12,41,さくら,4/2019,一人,4
12,42,美しい場所,4/2019,一人,4
12,43,目黒川沿いの桜並木,3/2019,友達,5
12,44,何回行っても楽しめる,4/2019,,5
12,45,さくら満開,4/2019,ファミリー,4
12,46,桜満開,4/2019,友達,3
12,47,夜桜@中目黒,4/2019,,5
12,48,桜,4/2019,カップル・夫婦,3
12,49,桜と人,4/2019,カップル・夫婦,5
12,50,桜はいまいち,3/2019,カップル・夫婦,3
12,51,桜の名所,3/2019,カップル・夫婦,4
12,52,お花見の時期は混雑,3/2019,カップル・夫婦,4
12,53,桜満開,4/2019,ビジネス,5
12,54,８～９分咲きだが人が多くてたいへん,4/2019,ファミリー,3
12,55,穴場です。,4/2019,カップル・夫婦,4
12,56,桜が綺麗,4/2019,友達,5
12,57,花見で有名なスポット,3/2019,カップル・夫婦,4
12,58,人が凄い,3/2019,一人,5
12,59,大混雑,3/2019,一人,5
13,0,気分転換に最適。,8/2021,,4
13,1,吉祥寺といえば井の頭公園　あらゆる文化を受け入れる公園,11/2020,,5
13,2,ゆっくりできる,11/2020,カップル・夫婦,4
13,3,地元に愛される公園,11/2020,,3
13,4,動物園、美術館、池でボート、カフェありの雰囲気が良い公園,6/2020,,5
13,5,よく出かけます！,3/2020,,4
13,6,「ボートにカップルで乗ると別れる」という都市伝説,5/2020,,4
13,7,初めて来たけど,4/2020,カップル・夫婦,4
13,8,ウォーキングにもいいですね,3/2020,ファミリー,5
13,9,吉祥寺ショピングの後の散歩に最適！,3/2020,カップル・夫婦,5
13,10,都会なのにとても緑が多い,11/2019,,5
13,11,大きな公園です。,12/2019,,3
13,12,桜が綺麗でした,4/2019,カップル・夫婦,4
13,13,ボートだけではありません、池からちょっと歩きましょう,5/2019,,4
13,14,いつも賑わっている,12/2019,友達,3
13,15,池にボートに桜に、大道芸まで,3/2019,,5
13,16,今日はオスのスワンボート発見！,12/2019,カップル・夫婦,4
13,17,緑が多く気持ち良い,9/2019,,4
13,18,ボート,6/2019,,3
13,19,アクセス良い,8/2019,ファミリー,4
13,20,散歩に最適,7/2019,一人,4
13,21,武蔵野の面影を残す公園,2/2019,一人,4
13,22,週末のボートは混んでます,10/2018,カップル・夫婦,4
13,23,緑に癒されに！！,4/2019,ファミリー,4
13,24,自然を感じる,6/2019,一人,4
13,25,のんびりできます,5/2019,一人,5
13,26,自然の力に癒されます,6/2019,友達,3
13,27,池の全域が藻が発生していました。,6/2019,一人,3
13,28,緑に包まれた素敵な公園,6/2019,友達,4
13,29,散歩やエクササイズにも最適,6/2019,一人,4
13,30,"何十,ぶりで懐かしい。",5/2019,友達,4
13,31,池にかかる桜は本当にキレイ！,4/2019,カップル・夫婦,4
13,32,新緑がまぶしい井の頭公園,5/2019,友達,4
13,33,広い公園 芝生があれば…,5/2019,友達,4
13,34,こんなはずじゃなかった！,4/2019,ファミリー,3
13,35,井之頭公園,4/2019,カップル・夫婦,5
13,36,いつもながらの,5/2019,ファミリー,4
13,37,混んでいるけど…,3/2019,カップル・夫婦,3
13,38,4初めは、桜の花見に絶好。,4/2019,ファミリー,5
13,39,駅から近くていいね,3/2019,一人,5
13,40,花見で井の頭公園に行きました。,4/2019,一人,4
13,41,歩くのが大変でした,3/2019,カップル・夫婦,4
13,42,花見客で大混雑,3/2019,一人,4
13,43,ご案内,3/2019,カップル・夫婦,4
13,44,駅から５分の自然,3/2019,一人,4
13,45,変化に富んだいい公園,3/2019,一人,4
13,46,混雑している,2/2019,カップル・夫婦,3
13,47,垂れザクラ,4/2018,ファミリー,4
13,48,トトロの居そうな場所,7/2018,一人,3
13,49,臭くなくなった,2/2019,一人,5
13,50,ゆっくりできる公園,1/2019,ファミリー,3
13,51,かいぼりの成果,1/2019,一人,5
13,52,公園というより森という感じ,10/2018,カップル・夫婦,4
13,53,街中のゆったりスポット,12/2018,一人,3
13,54,この季節の静かな表情が良い,12/2018,一人,4
13,55,緑と水がいっぱいの公園,8/2018,カップル・夫婦,4
13,56,【お買い物疲れの気分をリセットしにお散歩でもいかがでしょうか】,11/2018,カップル・夫婦,3
13,57,秋は紅葉,11/2018,,4
13,58,ジョギングにもってこい！,7/2018,一人,5
13,59,のんびりできる,10/2018,友達,5
14,0,昼間も落ち着いた風情があります,12/2020,,4
14,1,京都にきたらやっぱり立ち寄る,9/2021,,4
14,2,しっとりした趣ある町並みがいいですね,10/2020,,4
14,3,花見小路は写真撮影禁止！,10/2020,,3
14,4,オシャレなお店が増えてます。,9/2020,ファミリー,5
14,5,京都らしい街並み,4/2020,ファミリー,5
14,6,意外と坂が多い,2/2020,一人,5
14,7,京都と言えば。,2/2020,友達,5
14,8,人が一杯,3/2019,,3
14,9,落ち着いた,2/2020,,3
14,10,京都といえば祇園,2/2020,カップル・夫婦,4
14,11,観光客に大人気,11/2019,,3
14,12,賑わっています,1/2020,,3
14,13,観光客ばかり,1/2020,一人,3
14,14,観光客たくさん,1/2020,ビジネス,3
14,15,観光客が多い,1/2020,一人,4
14,16,人が多すぎるよ,11/2019,一人,3
14,17,京都の街並み,12/2019,,4
14,18,観光地化した祇園,12/2019,,4
14,19,曜はまだよいです。,11/2019,カップル・夫婦,4
14,20,京都といえば,6/2019,,4
14,21,人が多すぎる,10/2019,カップル・夫婦,3
14,22,祇園,10/2019,一人,4
14,23,祇園そぞろ歩き,4/2019,友達,5
14,24,静かな初秋の朝でした,9/2019,,4
14,25,街並みを見学して来ました,8/2019,,3
14,26,混雑,8/2019,一人,3
14,27,京都らしい街並み,7/2019,友達,4
14,28,祇園どすぇ～！,1/2019,,5
14,29,おおきに,9/2019,一人,5
14,30,真夏の祇園巽橋,8/2019,一人,5
14,31,旅行客が多い！,8/2019,ファミリー,3
14,32,昼も夜も,8/2019,,5
14,33,京都祇園祭り,7/2019,ビジネス,3
14,34,舞妓さん見ました,7/2019,ファミリー,4
14,35,混んでます,7/2019,一人,4
14,36,祇園は、京都で最大の花街・歓楽街です,7/2019,一人,5
14,37,THE京都,12/2018,,4
14,38,京都の定番,7/2019,ファミリー,5
14,39,夏の祇園,7/2019,友達,5
14,40,祇園は京都の代表です。,4/2019,ファミリー,5
14,41,京都と言えば祇園,11/2018,,5
14,42,昔の祇園の風情が懐かしい,1/2019,カップル・夫婦,3
14,43,雰囲気ある小道だが,5/2019,一人,4
14,44,大人の街,3/2019,友達,5
14,45,風情が残る都の町並み,5/2019,ファミリー,5
14,46,祇園,6/2018,一人,4
14,47,平成最後,4/2019,ファミリー,4
14,48,京都と言えば祇園,4/2019,友達,4
14,49,込みすぎ（特に外国人）で、もはや風情はどこへやら,4/2019,一人,2
14,50,人がいっぱい,4/2019,カップル・夫婦,4
14,51,はんなりと,4/2019,一人,5
14,52,祇園 おだしの香る権兵衛、蕎麦やさん,4/2019,友達,4
14,53,舞妓さんに出会えるかも！,4/2019,カップル・夫婦,4
14,54,京都観光の出発点,8/2018,ファミリー,5
14,55,京都と言えば・・・,3/2019,カップル・夫婦,4
14,56,京都の観光の目印,3/2019,ファミリー,5
14,57,観光に,3/2019,友達,5
14,58,パフェ食べる,3/2019,ファミリー,4
14,59,京都観光では、まず行くべきところ,1/2019,一人,4
16,0,とにかく広い、再訪は無いかも,1/2022,,3
16,1,"2021,1130日現在の大阪城公園の紅葉/黄葉",11/2021,,4
16,2,"2021,1128日　[北外堀]と[桃園]の間にある《ｲﾁｮｳ並木》は　見頃でした",11/2021,,4
16,3,魅力的な面、つまらない面がある,11/2021,,3
16,4,見るだけでなく遊びにも行ける！,5/2021,友達,5
16,5,落ち着くエリア,2/2021,,4
16,6,のんびりゆっくり、とにかく広い,4/2021,ファミリー,5
16,7,規模的にも立派なお城！,1/2021,,4
16,8,満開の桜,3/2021,一人,5
16,9,幻想的な夜桜にうっとり。,4/2021,友達,5
16,10,大阪城跡に整備された公園,3/2021,,4
16,11,桜の蕾が膨らんで,3/2021,一人,4
16,12,今ならゆっくりと堪能できます,3/2021,,4
16,13,大阪城梅林はなかなか見事です,2/2021,,5
16,14,広い公園です,10/2020,,5
16,15,すごく立派なお城！,9/2020,,4
16,16,何かと、近頃は騒がしい府市ですが・・・,9/2020,,2
16,17,広くて一日遊べる,9/2019,,4
16,18,市民の憩いの場としては、最高の部類,11/2019,,4
16,19,見晴らしがいい,5/2019,,4
16,20,コロナウイルスで自粛モードの中,4/2020,,4
16,21,人の少ないお花見,3/2020,,5
16,22,コロナショックで観光客少ない。,3/2020,一人,4
16,23,梅の名所でもある、大阪城公園,2/2020,一人,4
16,24,お城の下までは無料！,4/2019,一人,3
16,25,満開の梅林,2/2020,,4
16,26,春香漂う梅苑,2/2020,,5
16,27,人が少なかったです,2/2020,,5
16,28,楽しかったです！,8/2019,友達,5
16,29,春が来た！,2/2020,カップル・夫婦,4
16,30,"春夏秋冬　,中違う季節を楽しめます。",4/2019,,5
16,31,雨中散策,2/2020,一人,4
16,32,大阪のオアシス,1/2020,,4
16,33,大阪城を登りに行きました！,3/2019,ファミリー,4
16,34,人は多いが広いし快適,1/2020,,4
16,35,大阪城公園の梅林に行ってきました。,2/2020,,4
16,36,きれいです。,2/2020,,5
16,37,梅林がそろそろ見頃です,2/2020,一人,4
16,38,梅が咲き始めました,2/2020,,5
16,39,梅林がいい香り,3/2019,友達,4
16,40,観光地,1/2020,友達,3
16,41,お城の形をした「ビル」です,12/2019,,1
16,42,朝のおさんぽに最適,9/2019,,3
16,43,大阪城の歴史に関心持たれている方【刻印石広場】近くにある【秀頼・淀殿ら自刃の地】碑の訪問如何ですか,12/2019,,4
16,44,大きな公園,1/2020,友達,3
16,45,人多め、、,12/2019,,4
16,46,人が多い…,11/2019,一人,3
16,47,江戸時代の建物が残っていました,11/2019,,4
16,48,大手門から入ると、登城する気分になる,6/2019,,5
16,49,賑わいがすごかった。,11/2019,,5
16,50,ちょっとそこまで、大阪城公園 ヘ ！,11/2019,,4
16,51,大阪マラソンのフィニッシュ地点,11/2019,,5
16,52,こちらは徳川家の大阪城,12/2019,一人,4
16,53,ＪＲ「大阪城公園」駅下車ではなく「森ノ宮」駅下車,11/2019,,3
16,54,大阪マラソンのスタート、ゴール地点,12/2019,一人,4
16,55,いい公園,12/2019,,4
16,56,大阪マラソン大会　大阪城公園,12/2019,友達,4
16,57,大阪マラソンのスタート地点,12/2019,一人,4
16,58,散歩,11/2019,,3
16,59,大阪の看板みたいなかんじ。,10/2019,カップル・夫婦,4
17,0,広々として子供たちで賑わっています,2/2022,,4
17,1,3末に行きました。,3/2021,,4
17,2,謎の無料モノレール,1/2021,,4
17,3,散歩によい,2/2020,ファミリー,4
17,4,面白公園,12/2019,一人,3
17,5,桜が綺麗,3/2020,友達,4
17,6,駅のすぐそば,2/2020,友達,5
17,7,安らぐ,12/2019,一人,5
17,8,王子駅南側の広い公園,11/2019,,4
17,9,桜の名所,12/2019,一人,3
17,10,静寂、落ち着いていて、都会の喧騒を忘れリラックス,11/2019,友達,4
17,11,秋もまた良いです,11/2019,,3
17,12,花なら『桜』飛鳥山,8/2019,,5
17,13,桜の時期にぜひ、いらっしゃい！,4/2019,,3
17,14,大きな公園ですね,7/2019,,4
17,15,子供連れに楽しい公園,7/2019,一人,3
17,16,子供が産まれたら一緒に来たい,7/2019,カップル・夫婦,5
17,17,昔の名残がなくなり残念,7/2019,一人,5
17,18,都内にこんなにいい公園があった,6/2019,カップル・夫婦,4
17,19,紫陽花と渋沢栄一,6/2019,友達,3
17,20,紫陽花の道,6/2019,一人,4
17,21,どちらかと言うと幼児向けの公園ですね。,5/2019,カップル・夫婦,3
17,22,花がない時期は大人が行っても？,5/2019,ファミリー,3
17,23,飛鳥山からＪＲ王子駅に出るには飛鳥の小径からが早い！,5/2019,カップル・夫婦,4
17,24,桜がキレイ,3/2019,友達,4
17,25,子供を連れて行くには良い公園です,4/2019,ファミリー,4
17,26,桜の時期以外は静か,3/2019,一人,4
17,27,アップダウンのある公園,4/2019,カップル・夫婦,4
17,28,見事な桜,3/2019,カップル・夫婦,5
17,29,桜の名所で、多くの人が桜を楽しんでいました,3/2019,カップル・夫婦,3
17,30,家族連れの多い花見の名所,3/2019,一人,3
17,31,江戸時代からつづく由緒ある公園です,3/2019,一人,3
17,32,電車好きの孫は大興奮,3/2019,ファミリー,4
17,33,家族連れ,3/2019,一人,3
17,34,夏は水遊び,8/2018,ファミリー,5
17,35,散歩するには、交通も便利でもってこいの公園,1/2019,一人,4
17,36,桜,4/2018,,3
17,37,広い公園,1/2019,カップル・夫婦,4
17,38,一人でのんびり,1/2019,一人,4
17,39,都電 飛鳥山から,1/2019,一人,3
17,40,歴史のある公園,12/2018,一人,4
17,41,お花見の名所,3/2018,カップル・夫婦,3
17,42,意外な鉄スポット,11/2018,一人,3
17,43,モノレールが面白い,11/2018,一人,4
17,44,殺風景,11/2018,一人,3
17,45,お子さん連れの方に最適,11/2018,一人,5
17,46,秋祭り,11/2018,カップル・夫婦,3
17,47,桜の名所,10/2018,一人,3
17,48,鉄道好き向けかも,10/2018,一人,4
17,49,北区民憩いの公園,10/2018,ファミリー,4
17,50,お花見,4/2018,ビジネス,4
17,51,日曜日に,8/2018,一人,3
17,52,春は桜で有名ですが、子供連れには楽しいスポット,7/2018,カップル・夫婦,4
17,53,憩いの公園,4/2018,一人,4
17,54,お花見の名所,3/2018,友達,5
17,55,江戸時代からの桜の名所,5/2018,ファミリー,4
17,56,季節を楽しむ,11/2017,カップル・夫婦,3
17,57,子連れ花見に最適。夜桜はぼんぼりでムードあります。,3/2018,一人,5
17,58,花見,3/2018,一人,5
17,59,桜が綺麗,3/2018,,5
18,0,たいしたことなかった。,5/2021,,3
18,1,藤のトンネル、藤のドーム、そして巨大藤棚,4/2019,,4
18,2,たぶん、日本で一番の藤園,5/2019,カップル・夫婦,5
18,3,香りをお届けできないのがとても残念,5/2019,カップル・夫婦,5
18,4,"来,はもう一度行くぞ！",5/2019,,5
18,5,きれい！,5/2019,友達,5
18,6,写真がきれい,4/2019,友達,3
18,7,二分咲きでしたが、良かったです。,4/2019,友達,5
18,8,藤の花のトンネル,5/2018,,5
18,9,すばらしい,5/2018,,5
18,10,時期が合うなら行くべき,5/2018,ファミリー,5
18,11,残念ながら...,5/2018,ファミリー,2
18,12,見頃を過ぎていました。残念！,5/2018,ファミリー,3
18,13,白い藤,5/2018,ファミリー,4
18,14,秋にも,5/2018,友達,4
18,15,藤のトンネル,4/2018,ファミリー,5
18,16,422日訪問しました。,4/2018,一人,4
18,17,不便なところだが、綺麗,4/2018,カップル・夫婦,4
18,18,チケットは事前購入が必要です,4/2018,一人,4
18,19,藤のトンネル,5/2017,友達,5
18,20,交通が不便だが藤棚に感動した！！,4/2017,一人,5
18,21,今では、地元でも行けない場所,4/2017,ファミリー,3
18,22,有名になりすぎた,5/2017,カップル・夫婦,4
18,23,ちょっと早かった…,5/2017,カップル・夫婦,3
18,24,What a beautiful place！,4/2017,一人,5
18,25,世界的に有名な藤園,5/2017,ファミリー,5
18,26,いい香りが漂っている,5/2017,友達,4
18,27,藤の見ごろは短い。　満開日の予想とチケット購入がカギ,5/2017,ファミリー,4
18,28,満開の時期には見る価値はあります。,5/2017,ファミリー,5
18,29,素晴らしい藤棚そして秋には,4/2017,友達,5
18,30,一見の価値があります,5/2017,ファミリー,5
18,31,藤の香りが一杯です。,5/2017,友達,4
18,32,必見！！,5/2016,ファミリー,5
18,33,満開時ピンポインで狙うべし,4/2016,ファミリー,5
18,34,自分の目で見たくて,4/2016,一人,5
18,35,藤棚,5/2016,ファミリー,5
18,36,すばらしい!!,5/2016,ファミリー,5
18,37,キレイ,5/2016,友達,4
18,38,有名になりすぎた,6/2016,ファミリー,4
18,39,海外からのお客さんがたくさん！,5/2016,ファミリー,5
18,40,藤のトンネル,5/2016,一人,5
18,41,藤の見頃は短い,5/2016,カップル・夫婦,4
18,42,春、藤の鑑賞にはおすすめですが、もう少しお楽しみを作られては如何でしょうか,5/2016,ファミリー,4
18,43,絶景。圧倒的な藤の花。,5/2016,ファミリー,5
18,44,色鮮やかな藤棚,5/2016,ファミリー,4
18,45,藤棚が見事,5/2016,,5
18,46,藤の花の香りに気持ち良く酔ってしまい、２人で園内を歩きながら幸せな時間を過ごせました♪,5/2016,ファミリー,5
18,47,死ぬまでに一度は行きたい世界の絶景,5/2016,一人,5
18,48,広くて美しい藤園,5/2016,カップル・夫婦,5
18,49,一見の価値あり！,4/2016,ファミリー,5
18,50,５８日まで車の入場制限中,4/2016,ファミリー,5
18,51,咲き始めでしたが見事でした,4/2016,友達,5
18,52,素晴らしい絶景,5/2015,友達,5
18,53,入場料が高いとうれしい,5/2015,一人,5
18,54,紹介されている写真通りの絶景です,5/2015,,5
18,55,藤香る丘,5/2015,ファミリー,5
18,56,"2016,から、入場方法が変わりました。",5/2015,一人,5
18,57,藤の花のトンネルが絶景の天国です。,5/2015,友達,5
18,58,素晴らしい世界,5/2015,ファミリー,5
18,59,山の斜面一面に,4/2015,ファミリー,4
20,0,結構、人がいましたね,12/2021,一人,4
20,1,かなり楽しめる,11/2021,カップル・夫婦,5
20,2,無料駐車場は貴重です。,11/2021,,3
20,3,お城の構造が分かります,11/2021,ファミリー,5
20,4,家康公の蝋人形が展示されています,6/2021,カップル・夫婦,4
20,5,浜松城公園駐車場は無料でした,4/2021,カップル・夫婦,3
20,6,徳川家康に縁の深いお城,5/2021,,4
20,7,駿遠経営の拠点,10/2020,,4
20,8,こじんまりな城と空壕,9/2020,カップル・夫婦,3
20,9,石垣に注目してほしいお城です,8/2020,カップル・夫婦,5
20,10,通りすがり,7/2020,一人,3
20,11,桜。,4/2020,一人,4
20,12,散歩がてら,3/2020,ファミリー,4
20,13,浜松城の石垣を見てきました,4/2020,,4
20,14,無料の駐車場ありました,3/2020,カップル・夫婦,3
20,15,雨の中、登城しました,3/2020,,3
20,16,家康ゆかりの城,2/2020,,3
20,17,小さな天守閣！,2/2020,一人,3
20,18,歴史的に重要な場所,5/2019,,4
20,19,石垣に魅力,2/2020,一人,4
20,20,綺麗,12/2019,カップル・夫婦,4
20,21,徳川家康よかりの浜松城は外せない浜松の観光スポットです,11/2019,,4
20,22,行ってきましたよ,12/2019,,5
20,23,はじめワクワク、のち普通,12/2019,,3
20,24,家康！,3/2019,ビジネス,5
20,25,70歳以上無料,12/2019,ファミリー,4
20,26,野面積み,4/2019,,3
20,27,石垣がとても立派に見えました,10/2019,,4
20,28,うーん,11/2019,友達,3
20,29,にぎやか,11/2019,友達,4
20,30,家康若き日の城,11/2019,カップル・夫婦,3
20,31,野面積みの石垣,9/2019,カップル・夫婦,5
20,32,ボランティアガイドが好印象,10/2019,友達,4
20,33,浜松市の市街地にそびえる城,9/2019,,3
20,34,酷暑にやさしい？,9/2019,,4
20,35,"35,ぶりかな？",9/2019,,5
20,36,100名城には入っていないが,8/2019,,3
20,37,出世城,8/2019,,3
20,38,公園,8/2019,友達,4
20,39,石垣に注目,8/2019,一人,4
20,40,手短な観光時間で堪能,8/2019,カップル・夫婦,3
20,41,こじんまり,8/2019,カップル・夫婦,3
20,42,家康公の居城です,7/2019,一人,4
20,43,立派な石垣,7/2019,一人,4
20,44,こじんまりとした復元城だけど意外にいい,7/2019,一人,4
20,45,出世城です,4/2019,友達,4
20,46,展示物も充実してます。,6/2019,ビジネス,5
20,47,出世城,5/2019,一人,3
20,48,出世城,6/2019,一人,4
20,49,今まで行った中で一番残念なお城,6/2019,ファミリー,1
20,50,ちょっと小ぶりのお城ですが散歩に良い,4/2019,一人,4
20,51,こじんまりした城でした,6/2019,一人,3
20,52,出世するパワースポット,11/2018,ファミリー,3
20,53,お花見,3/2019,友達,4
20,54,お散歩コース🚶‍♂️,11/2017,,4
20,55,こじんまりだけどたくさん学べる,5/2019,ファミリー,4
20,56,Good,4/2019,一人,4
20,57,小さなお城,3/2019,カップル・夫婦,2
20,58,小さいお城,3/2019,一人,3
20,59,身近な歴史的建造物,3/2019,,4
22,0,石垣と櫓が残る,12/2021,,4
22,1,桜の季節はぜひ！,3/2021,,5
22,2,のんびり散歩するにはちょうどいい感じ,5/2021,,4
22,3,福岡市の桜の名所,3/2020,,4
22,4,福岡城（鶴舞城）跡,9/2020,,3
22,5,大濠公園の隣にある公園,8/2020,,3
22,6,福岡城跡の公園,3/2020,,3
22,7,桜が美しい,4/2020,,5
22,8,お城の跡がある公園,4/2020,,5
22,9,季節ごとに花々がきれいなんでしょうね,10/2019,,5
22,10,点在する福岡城の遺構に木々が生い茂る公園,10/2019,,4
22,11,美しい石垣の規模が大きい公園,12/2019,,4
22,12,お花見 🌸,4/2019,友達,3
22,13,福岡城跡が公園になっている,5/2019,一人,5
22,14,駅近の大きな公園,5/2019,一人,3
22,15,花の季節に合わせて楽しむ,5/2019,ビジネス,4
22,16,桜,4/2019,友達,4
22,17,桜吹雪のこの風景が見えぬか,4/2019,一人,5
22,18,桜の季節,4/2019,友達,4
22,19,野球観戦前に花見,3/2019,カップル・夫婦,4
22,20,大濠公園の次はこちらへ,3/2019,カップル・夫婦,4
22,21,2-3はとても良い,3/2019,ビジネス,5
22,22,お花見に,4/2018,ファミリー,5
22,23,福岡城址,2/2019,一人,3
22,24,福岡城跡の公園,4/2018,カップル・夫婦,3
22,25,競技施設のある広い公園です。,12/2018,一人,5
22,26,花見の名所,9/2018,一人,5
22,27,福岡市中心部　憩いの場,7/2018,,5
22,28,見事な満開の桜に感動！福岡市のオアシス,3/2018,ファミリー,5
22,29,ジョギングコース,5/2018,ファミリー,5
22,30,景観がよかったです。,5/2018,友達,4
22,31,春爛漫、桜も満開、至福の1日,3/2018,一人,5
22,32,アクセスも便利で桜の季節は昼夜楽しめます。,3/2018,一人,5
22,33,花見はサイコー,3/2018,友達,4
22,34,朝の桜と草間彌生のオブジェ,4/2018,一人,5
22,35,桜も終わり,4/2018,カップル・夫婦,4
22,36,桜の時期は訪れたい,3/2018,友達,4
22,37,舞鶴公園・・,4/2017,一人,5
22,38,梅が満開でした。,2/2018,ファミリー,4
22,39,桜の名所,2/2018,カップル・夫婦,3
22,40,春の時期,4/2017,ビジネス,3
22,41,城跡や運動場など多目的,2/2018,一人,4
22,42,城跡光の祭,1/2018,友達,5
22,43,城址と旧平和台球場,10/2017,一人,4
22,44,同じ名称では「京都府の日本海の有名な港町【舞鶴港】がある。,9/2017,,4
22,45,桜の季節はよいが　他の季節もよい,8/2017,カップル・夫婦,3
22,46,歴史の跡を見て、福岡の景色を堪能し…,5/2017,一人,4
22,47,桜の名所,4/2017,,4
22,48,きれい,6/2017,,3
22,49,いこいの場所,4/2017,一人,4
22,50,大濠公園と隣接,5/2017,一人,3
22,51,桜の季節じゃなくても楽しめますよ,4/2017,一人,5
22,52,福岡きっての桜の名所,4/2017,一人,5
22,53,桜、桜,4/2017,友達,5
22,54,オシャレな花見,4/2017,友達,4
22,55,花見🌸,4/2017,一人,4
22,56,桜の名所,11/2016,ファミリー,4
22,57,散歩コースに,2/2017,友達,4
22,58,旧、福岡城の城内公園,5/2016,,3
22,59,福岡城跡を基本にした広い公園,2/2017,一人,4
23,0,春がやってきました,3/2021,一人,4
23,1,ソメイヨシノも枝垂れ桜も満開,4/2020,一人,3
23,2,"2020,2名古屋大学病院の7階から",2/2020,一人,5
23,3,名古屋市民の憩いの場所です。,9/2019,,3
23,4,鶴舞中央図書館や市公会堂,10/2019,,3
23,5,街中の広い公園,9/2019,友達,3
23,6,ＪＲ中央線の鶴舞駅も「つるまい」,8/2019,,3
23,7,桜のシーズンだけではありません,5/2019,カップル・夫婦,3
23,8,ただの広場,4/2019,一人,3
23,9,鶴舞駅の前,3/2019,友達,4
23,10,駅近の広く居心地良く花も楽しめる公園,5/2019,カップル・夫婦,4
23,11,住まいから徒歩15分です,5/2019,カップル・夫婦,4
23,12,花しょうぶが満開,6/2019,一人,4
23,13,鶴舞駅の目の前の大きな公園　バラ🌹の花まつり開催中,5/2019,カップル・夫婦,4
23,14,薔薇,5/2019,一人,4
23,15,つるま公園,3/2019,一人,3
23,16,お花見,4/2019,ファミリー,3
23,17,花見の名所,4/2019,一人,4
23,18,夜桜,4/2019,カップル・夫婦,4
23,19,雨,4/2019,カップル・夫婦,4
23,20,お花見,4/2018,ビジネス,3
23,21,大きな公園 サッカーグラウンドも,1/2019,カップル・夫婦,4
23,22,鶴舞公園,9/2018,一人,4
23,23,桜の名所,11/2018,一人,4
23,24,憩いの場所,8/2018,ファミリー,3
23,25,お花見スポット,4/2018,一人,5
23,26,1日遊べます,9/2018,ファミリー,4
23,27,公会堂・図書館などもあります。,9/2018,一人,4
23,28,四季の花,5/2018,一人,4
23,29,結構広い公園,5/2018,一人,3
23,30,地域の憩いの公園,7/2018,一人,3
23,31,いつも新しい発見がある公園,3/2018,ファミリー,5
23,32,6の薔薇は見事,6/2018,ビジネス,3
23,33,個人的にはバラ園が好きです,7/2017,ファミリー,4
23,34,季節折々の花が綺麗です,6/2018,ファミリー,4
23,35,桜スポット,3/2018,一人,4
23,36,喧騒を離れて佇むのに好適な公園,5/2018,一人,4
23,37,とても広い公園,4/2018,ファミリー,3
23,38,お花見に,3/2018,カップル・夫婦,4
23,39,花見,4/2018,友達,4
23,40,桜の他にも、お話いっぱい🎵,3/2018,カップル・夫婦,4
23,41,のんびりと,3/2018,一人,5
23,42,たらっと散歩,3/2018,一人,4
23,43,都心で心と体を休めることの出来る講演,2/2018,一人,4
23,44,街のオアシス,1/2018,カップル・夫婦,4
23,45,つるま公園と読みます,4/2017,ファミリー,5
23,46,癒される公園,11/2017,一人,4
23,47,紅葉が見頃です。,11/2017,一人,3
23,48,大きな公園,9/2017,一人,4
23,49,"４０,ぶりの訪問",10/2017,一人,4
23,50,お花見の季節,4/2017,一人,4
23,51,都会にある広大な公園です。,5/2017,一人,4
23,52,鶴舞公園♪,5/2017,友達,4
23,53,公園内は草木が豊かで、図書館も充実しています。,5/2017,一人,4
23,54,ポケモンGo の人がいっぱいいます,7/2017,,3
23,55,噴水が綺麗な公園,9/2017,カップル・夫婦,5
23,56,「つるまい」ではなく、「つるま」公園,8/2017,一人,4
23,57,良くも悪くも何もない公園です,8/2017,友達,3
23,58,公園の中を自転車で・・・,6/2017,カップル・夫婦,5
23,59,最近は、色んなイベントも行われる様になりましたね。,4/2017,ファミリー,4
24,0,素晴らしい！！,2/2022,一人,4
24,1,北桔橋門から大手門コース　ちょっとしたお散歩に最適コースです,12/2021,カップル・夫婦,5
24,2,江戸城模型と天守台,11/2021,,4
24,3,"2021,68日から　公開再開しています、但し　東御苑無料ｶﾞｲﾄﾞは　休止しています　",6/2021,,4
24,4,本丸・二の丸・三の丸跡,11/2019,,4
24,5,皇居東御苑,11/2019,,4
24,6,梅園の紅白の梅がきれいでした,2/2020,,4
24,7,広い,2/2020,,5
24,8,フリー観覧,1/2020,一人,3
24,9,記念日撮影,6/2019,カップル・夫婦,5
24,10,(皇居東御苑)　東御苑は、江戸城の本丸、二の丸、三の丸の一部分を皇居附属庭園として整備しています,2/2019,一人,3
24,11,どの時期も良さそう！,12/2019,ファミリー,4
24,12,大嘗宮と紅葉,12/2019,,5
24,13,素晴らしい歴史遺産 大嘗祭,12/2019,ファミリー,5
24,14,秋の紅葉は乾通りに行かなくても綺麗です。,12/2019,,5
24,15,大嘗宮,12/2019,一人,5
24,16,大嘗宮を見に行きました,12/2019,,4
24,17,大嘗宮見学に,12/2019,,4
24,18,大嘗宮一般参観,11/2019,ファミリー,5
24,19,江戸城跡として訪問しました,12/2018,,5
24,20,大嘗宮一般参観☆,11/2019,,5
24,21,大嘗宮一般参観に近い駅,11/2019,一人,4
24,22,大嘗宮一般参観,11/2019,一人,3
24,23,大嘗宮外観は一般公開されるそうです,10/2019,,3
24,24,お得感満載,10/2019,,5
24,25,見に行きましょう,11/2019,一人,5
24,26,都会の風景とのコントラスト,9/2019,友達,5
24,27,猛禽類に遭遇！,9/2019,,3
24,28,皇居ラン,6/2019,友達,3
24,29,"4,ぶり、2度目お訪問",11/2018,,4
24,30,東御苑,4/2019,,4
24,31,立派です。,5/2019,カップル・夫婦,4
24,32,ゆっくり散歩してきました,6/2019,ファミリー,4
24,33,高温でお堀が水草だらけに,5/2019,友達,4
24,34,さすがは徳川の城,12/2018,ファミリー,4
24,35,季節を感じるために！,5/2019,カップル・夫婦,4
24,36,歴史を感じられる場所,1/2019,友達,5
24,37,色とりどりのツツジが綺麗,5/2019,友達,5
24,38,色々な楽しみ方,4/2019,一人,4
24,39,ツツジを見に🎵,4/2019,ファミリー,5
24,40,歴史が詰まった場所,4/2019,ファミリー,4
24,41,恥ずかしながら生まれて初めて訪問しました,4/2019,友達,5
24,42,平成最後の皇居参観,4/2019,ファミリー,5
24,43,皇居のお花見,4/2019,友達,5
24,44,江戸城の名残,3/2019,一人,5
24,45,江戸城の規模を実感できる,4/2019,一人,4
24,46,江戸城の遺構　規模は日本一。,3/2019,,4
24,47,花見がてらに,3/2019,,3
24,48,大奥に思いを馳せて散策,3/2019,カップル・夫婦,5
24,49,桜の季節,3/2019,ファミリー,5
24,50,天皇ご即位特別展示に行きました,3/2019,ファミリー,4
24,51,広い！,2/2019,一人,4
24,52,東京駅からも近く無料です,2/2019,一人,4
24,53,広い公園,12/2018,カップル・夫婦,4
24,54,お花見は穴場です！,1/2019,友達,5
24,55,散歩,1/2019,一人,4
24,56,昔の日本の味と雰囲気を味わえる数少ない場所,11/2018,ファミリー,5
24,57,天守閣より富士見櫓それよりも古種果樹園,12/2018,一人,3
24,58,落ち着いた雰囲気と緑がある「皇居東御苑（旧江戸城本丸跡）」でした。,12/2018,一人,5
24,59,天皇陛下の誕生日の一般参賀のとき、見ました。,12/2018,,4
25,0,見応え十分,9/2021,カップル・夫婦,5
25,1,貨幣の製造も見学できる博物館,1/2020,,4
25,2,凄い人,4/2019,,3
25,3,日本のみならず、世界の珍しい貨幣を見ることが出来ます,2/2020,,5
25,4,花見の終盤に,3/2019,,4
25,5,桜の通り抜け,4/2019,カップル・夫婦,4
25,6,静かな博物館,4/2019,,5
25,7,お金に詳しくなれます,3/2019,,5
25,8,お金ができるまで,6/2019,友達,4
25,9,春に人気,4/2019,一人,4
25,10,桜の通り抜けがある有名な場所です。,6/2018,カップル・夫婦,5
25,11,桜の通り抜け,4/2019,友達,4
25,12,4中旬が見ごろ,4/2019,,5
25,13,ゆっくり桜も楽しめる博物館,4/2019,友達,5
25,14,インバウンドが集中する通り抜け,4/2019,カップル・夫婦,5
25,15,"2019,49日（火）初日ナイター見物",4/2019,一人,5
25,16,明日から始まる造幣局の通り抜け 桜,4/2019,カップル・夫婦,4
25,17,日本の硬貨の歴史がわかります,3/2019,一人,5
25,18,造幣局の花見の時期は激混みだが、美しい,4/2018,ビジネス,4
25,19,造幣局の桜,4/2018,,4
25,20,日本の硬貨貨幣が、どの様な工程で出来るかを目の前で見学出来ます。,10/2018,友達,5
25,21,8000万！,10/2018,ファミリー,5
25,22,小学生がちょうど良い,8/2018,ファミリー,4
25,23,コインの展示が多い,8/2018,,4
25,24,桜の種類が多い,4/2018,,3
25,25,本物の金塊に触るコーナーもありました,5/2018,ファミリー,5
25,26,圧巻の充実度、ただし不便,5/2018,友達,4
25,27,勉強になる無料の博物館,11/2017,ファミリー,4
25,28,煉瓦の建物,10/2017,一人,4
25,29,雨の日は厳しかったです,4/2018,友達,3
25,30,桜の通り抜け,4/2018,友達,3
25,31,大阪の最後の桜,4/2018,ファミリー,5
25,32,まぁ仕方ない…,4/2018,カップル・夫婦,5
25,33,"今,の「桜の通り抜け」はピーク過ぎ",4/2018,カップル・夫婦,5
25,34,今日から始まる“桜の通り抜け🌸”,4/2018,一人,5
25,35,多品種の桜　桜の通り抜け,3/2018,ファミリー,4
25,36,八重桜満開,4/2018,一人,5
25,37,硬貨の歴史がバッチリ,3/2018,ファミリー,3
25,38,季節は少し遅れて「桜見物」の場所,3/2018,友達,3
25,39,桜の季節は、最高です。,4/2017,ファミリー,5
25,40,たくさんの種類の桜が楽しめる！,4/2017,友達,5
25,41,結構勉強になる,2/2018,一人,4
25,42,博物館見学！,2/2018,カップル・夫婦,4
25,43,桜の開花時期に合わせて行くのがおすすめ,4/2017,カップル・夫婦,5
25,44,色々な種類の桜を堪能,4/2017,友達,4
25,45,春桜の季節期間限定の通り抜け,3/2017,ファミリー,5
25,46,桜の時期に,4/2017,ファミリー,4
25,47,無料ですが内容充実,12/2017,ファミリー,4
25,48,きれいです,4/2017,ファミリー,5
25,49,桜の通り抜けのついでに,4/2017,一人,3
25,50,お花見のイメージですが,9/2017,ファミリー,4
25,51,桜の通り抜け,4/2017,友達,5
25,52,静かに観れる観光スポット,10/2017,一人,5
25,53,貨幣の歴史がわかります,3/2017,,4
25,54,"毎,桜を見に行きます",4/2017,カップル・夫婦,4
25,55,面白いよお金って,6/2017,カップル・夫婦,5
25,56,お花見の時期,6/2017,ファミリー,4
25,57,造幣局見学,9/2017,カップル・夫婦,4
25,58,造幣博物館♪,9/2017,友達,4
25,59,"毎,恒例の通り抜け",4/2017,ファミリー,3
26,0,★節分草　模写する指の　白さかな,2/2022,,5
26,1,広大な庭園内にたった１０人程度、一人当たりの占有面積はテニスコート５０面分はあったかな？３密じゃなくて安心ですが、やはり日本人は全員がマスク着用、民度が違うからコロナも外国よりは・・・,12/2021,,4
26,2,久しぶりの開園,10/2021,,4
26,3,季節によって評価が変わります,12/2020,,3
26,4,お弁当やおやつの持ち込み可,10/2020,,3
26,5,四季折々に楽しめます,5/2019,,4
26,6,散歩とウォーキングの定番コースです,4/2020,,4
26,7,夜のライトアップを見てきました,11/2019,ファミリー,4
26,8,四季折々の花や木陰,1/2020,一人,5
26,9,地下鉄北山駅の真正面！観光に疲れたら？,11/2019,,4
26,10,植物好きも、そうでない方も楽しめます,11/2019,ファミリー,5
26,11,200円,11/2019,,4
26,12,紅葉,12/2019,,4
26,13,オータム　ライトアップ　2019,11/2019,,4
26,14,観光客の喧騒から逃れて紅葉が楽しめます,11/2019,,4
26,15,紅葉ぼちぼち,11/2019,ファミリー,4
26,16,お散歩に,11/2019,,5
26,17,広い、種類豊富、工夫されている、綺麗,7/2019,,5
26,18,四季を通じてそれぞれに楽しめます。,3/2019,,4
26,19,秋はコスモス,11/2019,ファミリー,4
26,20,癒しのスポット,10/2019,カップル・夫婦,4
26,21,癒しの散歩道,9/2019,一人,4
26,22,冬は行かない方が・・・,12/2018,,3
26,23,半世紀振りに園内散策！,6/2019,一人,5
26,24,広々としたきれいな公園,3/2019,ファミリー,4
26,25,バカでかい植物園,4/2019,ファミリー,4
26,26,"日本で最初の公立植物園として、1924,11日に開園",4/2019,,4
26,27,お散歩に快適,5/2019,一人,5
26,28,お花見,3/2019,友達,5
26,29,薔薇,4/2019,友達,4
26,30,若葉,4/2019,一人,3
26,31,迫力のチューリップ,4/2019,カップル・夫婦,5
26,32,"一,中ゆったり自然と共生出来ます！",4/2019,一人,5
26,33,桜、もも、あんず、ぼけ　20190327,3/2019,一人,3
26,34,心和む植物園,3/2019,一人,5
26,35,Botanical Garden,4/2018,ファミリー,4
26,36,温室観覧と入園料で¥400,2/2019,一人,3
26,37,お天気に恵まれました！,1/2019,一人,5
26,38,ライトアップ,12/2018,カップル・夫婦,4
26,39,思いのほか広い,6/2018,カップル・夫婦,4
26,40,紅葉は見頃を過ぎていましたが…,12/2018,一人,5
26,41,紅葉,11/2018,ファミリー,4
26,42,2018 菊花展　と　紅葉,11/2018,一人,4
26,43,日常のウォーキングコースです・・・私は毎日入園していても無料なので・・・,11/2018,一人,5
26,44,温室が楽しい,10/2018,一人,5
26,45,広々としています,9/2018,,5
26,46,台風の傷痕,10/2018,一人,4
26,47,久しぶり,9/2018,友達,4
26,48,日本最古の公立(府立)植物園です,7/2018,一人,3
26,49,四季折々の工夫が,9/2017,,5
26,50,枝垂桜が綺麗でした,4/2018,一人,5
26,51,京都の植物園のもの凄さ,6/2018,一人,4
26,52,最近特に頑張ってる,4/2018,ファミリー,5
26,53,お花見の穴場スポット,4/2018,ファミリー,5
26,54,ゆっくりできる,3/2018,カップル・夫婦,4
26,55,夜桜,4/2018,友達,4
26,56,手づくり市に行きました,5/2018,ファミリー,3
26,57,わからないなりに…,10/2017,ファミリー,3
26,58,解放感のある半木の道,4/2018,一人,4
26,59,桜は終わったがまだ花一杯,4/2018,一人,5
27,0,飛行機の離着陸が見える,5/2021,カップル・夫婦,5
27,1,滑走路,12/2020,カップル・夫婦,5
27,2,飛行機が近くで見られる公園,11/2020,カップル・夫婦,4
27,3,"昨,6に行きました",6/2019,,4
27,4,滑走路近く,5/2019,,5
27,5,よい,4/2020,一人,5
27,6,アナウンス,11/2019,,4
27,7,地元民も愛用,11/2019,,4
27,8,飛行機が間近に,5/2019,,5
27,9,いつ行けば良いんだろう,4/2019,,5
27,10,雨が降っても大丈夫,12/2019,,5
27,11,空港,9/2019,,5
27,12,飛行機のオナカを見に行く,11/2019,,3
27,13,飛行機好きなら絶対に行くべき！,4/2019,,4
27,14,夕方はラッシュアワー,5/2019,ファミリー,3
27,15,"三,ぶりに",10/2019,,4
27,16,ホヌを見に行きました。,10/2019,カップル・夫婦,5
27,17,飛行機に手が届きます。,10/2019,,5
27,18,人気スポット,10/2019,,4
27,19,楽しく過ごせる,6/2019,,4
27,20,飛行機が近くで見れる！,9/2019,,4
27,21,飛行機がまじかに見える,7/2019,,5
27,22,絶好の飛行機スポット,10/2018,,5
27,23,飛行機の迫力！,7/2019,カップル・夫婦,5
27,24,人多すぎ,7/2019,,3
27,25,飛行中の旅客機観るならココでしょう,5/2019,カップル・夫婦,5
27,26,北風の恩恵,7/2019,一人,5
27,27,飛行機見たくて,7/2018,一人,5
27,28,A380の迫力のある着陸が見れる,5/2019,ファミリー,5
27,29,ジェット機と京成スカイライナーも見られる公園,6/2019,一人,5
27,30,着陸が少なくて,6/2019,ファミリー,4
27,31,様々なエアライン,6/2019,一人,4
27,32,南風運用時、A滑走路進入の航空機を見れる,3/2019,友達,5
27,33,飛行機をみに行きました,5/2019,カップル・夫婦,3
27,34,空港全体、滑走路が見渡せる,5/2019,一人,4
27,35,飛行機を間近で見る,4/2019,ファミリー,3
27,36,風向きによって満足度は変わります,5/2019,ファミリー,4
27,37,間近に飛行機,5/2019,ファミリー,5
27,38,大型機は迫力あります。,5/2019,ファミリー,3
27,39,飛行機以外にも,9/2018,友達,4
27,40,飛行機好きにはたまらない公園！,4/2019,カップル・夫婦,5
27,41,花見,4/2019,カップル・夫婦,4
27,42,桜と菜の花と飛行機,4/2019,友達,5
27,43,桜の季節はとても混みます,4/2019,ファミリー,4
27,44,桜と飛行機が見られました！,4/2019,ファミリー,5
27,45,飛行機見ながらお花見！,4/2019,ファミリー,5
27,46,車で行きました,3/2019,友達,5
27,47,いまがチャンス,4/2018,ファミリー,4
27,48,飛行機が間近で見られます❗,3/2019,ビジネス,5
27,49,大きい飛行機,10/2018,一人,4
27,50,空港,2/2019,友達,4
27,51,花見,3/2018,ファミリー,5
27,52,夢を乗せて,1/2019,ファミリー,5
27,53,迫力満点,1/2019,ファミリー,5
27,54,桜をバックに飛行機の写真が取れる絶好の場所,4/2018,ファミリー,4
27,55,近くに住んでいたら毎日通いたい☆飛行機好きにはたまりません,10/2018,ファミリー,5
27,56,青空に映える到着便,9/2018,カップル・夫婦,4
27,57,絶好の撮影スポット,9/2018,カップル・夫婦,4
27,58,南風運用時のウォーチングにも最適,2/2018,一人,5
27,59,なかなか,9/2018,,3
28,0,桜のシーズンを過ぎると静かな参道,5/2021,,3
28,1,開花情報を確認して,4/2021,カップル・夫婦,5
28,2,期待すると失望する,4/2021,,1
28,3,桜と歴史です,2/2021,,5
28,4,紅葉を見に,11/2020,カップル・夫婦,5
28,5,蔵王権現を中心に四季を感じに,11/2020,カップル・夫婦,5
28,6,一度来られて満足,4/2020,ファミリー,4
28,7,春の山に咲く桜が圧巻です,4/2020,一人,5
28,8,上千本迄桜満開です,4/2020,一人,4
28,9,これほどの桜とは,5/2019,ファミリー,5
28,10,桜の聖地,11/2019,,5
28,11,紅葉もみたく,11/2019,一人,5
28,12,紅葉も素晴らしい,11/2019,友達,5
28,13,素晴らしい景色です。,6/2019,,5
28,14,"昨,に引き続きバスツアー",4/2019,,4
28,15,9の連休は空いていた。,9/2019,,4
28,16,空いていました,9/2019,,3
28,17,一面の桜だが山桜なので注意,4/2019,ファミリー,4
28,18,朝靄の桜もきれいでした,4/2019,,5
28,19,真夏にゆっくりと,7/2019,,3
28,20,夏に行きました,7/2019,一人,5
28,21,長く見ごろが楽しめます。,4/2019,友達,4
28,22,緑豊かで、桜咲いてなくとも,5/2019,一人,4
28,23,歩いて楽しい,4/2019,一人,5
28,24,行きはバス、帰りは徒歩がおすすめ,5/2019,一人,5
28,25,桜の時期のバス,4/2019,一人,4
28,26,奥千本は桜が小さい木が多い,4/2019,一人,4
28,27,桜は綺麗だが、見に来る人への配慮が…,4/2019,一人,3
28,28,桜の季節をわざと外して行ってみたが、山の上は結構なにぎわい、所々で桜も咲いていて得した感じ。,4/2019,カップル・夫婦,4
28,29,一度は見ておきたい,4/2019,友達,5
28,30,吉野山,4/2019,一人,4
28,31,世界遺産　吉野山,4/2019,カップル・夫婦,5
28,32,好天、見頃の桜！,4/2019,一人,5
28,33,桜が満開,4/2019,カップル・夫婦,5
28,34,世界遺産,4/2019,カップル・夫婦,5
28,35,吉野の桜🌸,4/2019,カップル・夫婦,5
28,36,花霞,4/2019,友達,5
28,37,初めての吉野の桜,3/2019,一人,5
28,38,時期が大事,4/2019,友達,4
28,39,まだ蕾が多く残念,4/2019,友達,5
28,40,朝早く出て近くまで車で行きます,5/2018,カップル・夫婦,5
28,41,やはり桜がすごい,4/2018,友達,5
28,42,圧倒的な桜,4/2018,カップル・夫婦,5
28,43,奥千本、桜がよかったです。,4/2018,一人,5
28,44,桜三昧,4/2018,友達,5
28,45,家族連れは準備万端で！,11/2018,ファミリー,3
28,46,少し早かった,10/2018,一人,3
28,47,台風の影響,11/2018,友達,4
28,48,一目千本は圧巻,4/2018,,5
28,49,"今,は早い満開の時期",4/2018,ファミリー,4
28,50,京都駅から周遊券を使って,4/2018,一人,5
28,51,吉野山の千本桜を見るツアーに参加をしました,4/2018,一人,3
28,52,残念ながら終わってました,4/2018,カップル・夫婦,4
28,53,桜の見頃をの開花状況を確認して、日程を合わせて行くのが難しい,4/2018,友達,3
28,54,一目千本の葉桜,4/2018,友達,4
28,55,歩いて吉野駅から上千本、奥千本まで行けます,4/2018,ファミリー,4
28,56,桜、新緑、紅葉が広大な範囲で楽しめます,4/2018,カップル・夫婦,4
28,57,桜なくても値打ちあり,4/2018,一人,5
28,58,サクラ,4/2018,一人,5
28,59,車いすで行く吉野、奥千本,4/2018,ファミリー,5
29,0,散歩に良い！,1/2022,,5
29,1,緑豊かな公園,6/2021,,3
29,2,ボート池の桜も満開でした。,4/2020,ファミリー,4
29,3,四季折々の景色が楽しめる,2/2020,カップル・夫婦,4
29,4,梅の花（Ume no hana）♪　Flor de ciruelo ♪　Plum blossom ♪,2/2020,,4
29,5,ついつい訪れたくなる公園,1/2020,,4
29,6,のんびりと散策が楽しめます,1/2020,カップル・夫婦,4
29,7,のんびりできる,4/2019,カップル・夫婦,4
29,8,鳥たくさん,11/2019,,4
29,9,とにかく広大です,4/2019,カップル・夫婦,4
29,10,お花見,4/2019,友達,5
29,11,楽しめます,6/2019,一人,4
29,12,老若男女が集う賑やかな公園,5/2019,一人,4
29,13,花見はここ,4/2019,ビジネス,5
29,14,小さい子から大人まで憩いの場,3/2019,ファミリー,5
29,15,大宮公園、見事です！,4/2019,カップル・夫婦,5
29,16,桜が多いが、日本庭園が閉まっていた！,4/2019,一人,3
29,17,桜🌸,11/2017,一人,4
29,18,花見,3/2019,ファミリー,3
29,19,満開の桜で綺麗でした,3/2019,ファミリー,5
29,20,桜,3/2019,友達,5
29,21,大きな池の周囲に人が…,1/2019,一人,3
29,22,梅が咲きはじめました,2/2019,一人,4
29,23,初詣,1/2019,ファミリー,4
29,24,お花見,4/2018,ビジネス,4
29,25,無料の動物園があります。,12/2018,友達,4
29,26,とても広いです,8/2018,ファミリー,5
29,27,散歩にはもってこい,10/2018,ファミリー,4
29,28,博物館,9/2018,一人,4
29,29,アクセスさえ良ければ…,3/2018,ファミリー,4
29,30,"一,中憩いの場となっている",8/2018,,4
29,31,ミニ動物園、乗り物、池も有り子供も楽しい,3/2018,ファミリー,4
29,32,桜が綺麗です,3/2018,一人,4
29,33,花見,3/2018,ファミリー,4
29,34,大宮氷川神社と一体の大宮公園,3/2018,友達,4
29,35,絢爛豪華都はこのことかと感動しました。,4/2017,友達,5
29,36,花見の季節は人がいっぱいできたない,4/2017,ファミリー,3
29,37,とても広い公園,2/2018,一人,4
29,38,小さいですが動物園あり,7/2017,ファミリー,4
29,39,お散歩,11/2017,一人,4
29,40,自然がいっぱい！,5/2017,カップル・夫婦,5
29,41,桜の季節には行きたい場所,4/2017,,3
29,42,素敵,10/2017,ファミリー,4
29,43,子供が喜ぶスポット,2/2017,ファミリー,4
29,44,桜がすごい,9/2017,,5
29,45,お参りのあとで,10/2017,一人,4
29,46,花見時期と終了後の落差,4/2017,ファミリー,3
29,47,秋も良し,11/2016,一人,3
29,48,大宮公園 と 小動物園,9/2017,ファミリー,4
29,49,お花見🌸,3/2017,ファミリー,3
29,50,ピクニックスポット,9/2017,一人,4
29,51,お花見,4/2017,友達,4
29,52,サッカースタジアムや野球場もある,4/2017,友達,3
29,53,一休み,4/2017,一人,5
29,54,高校野球目線,7/2017,友達,3
29,55,街中のオアシス,7/2017,カップル・夫婦,4
29,56,四季を通じて,7/2017,,5
29,57,桜の名所,4/2017,,4
29,58,無料の小動物園が最高,4/2017,ファミリー,4
29,59,葉桜,4/2017,一人,4
30,0,公園の一角にコスモスが咲く,11/2021,,4
30,1,丘の上,3/2021,,5
30,2,根岸森林公園の桜,3/2021,,5
30,3,外で食べるお弁当がうまい,5/2019,,4
30,4,ワンコと一緒に歴史散策,3/2020,カップル・夫婦,5
30,5,森林でぐっすりなど,1/2020,,4
30,6,はれたひにおすすめ,2/2020,ファミリー,5
30,7,神奈川県花見スポット,3/2019,,4
30,8,昔住んでたところの近くにあった,3/2019,,5
30,9,子供は大喜び,8/2019,ファミリー,5
30,10,運動するにはいい公園,8/2019,,5
30,11,森林公園,5/2019,ファミリー,4
30,12,美しい公園,5/2019,ファミリー,5
30,13,ピクニックに適した広大な緑の公園です。,4/2019,一人,4
30,14,ひろびろしていてゆっくりできる,4/2019,一人,5
30,15,広々とした公園,4/2019,ファミリー,4
30,16,米軍のゴルフ場跡地だったこの公園は、横浜を代表する桜の名所,4/2019,一人,4
30,17,競馬場跡の芝生の公園です,4/2019,ファミリー,5
30,18,広々とした芝生公園です。,3/2019,カップル・夫婦,4
30,19,おすすめのお花見スポットです,4/2018,カップル・夫婦,4
30,20,園内の桜は周辺より少し遅くて２度楽しめる,3/2019,ファミリー,5
30,21,競馬場跡,3/2019,一人,5
30,22,広々芝公園,4/2018,友達,4
30,23,根岸の公園,2/2019,ファミリー,4
30,24,梅祭り,2/2019,カップル・夫婦,3
30,25,歴史の風を感じられる公園,2/2019,ファミリー,4
30,26,広くて気持ちいい,10/2018,ファミリー,4
30,27,横浜と富士山,1/2019,カップル・夫婦,4
30,28,旧根岸競馬場跡,1/2018,一人,5
30,29,昔の競馬場跡地,10/2018,ファミリー,3
30,30,芝生エリアが広く、ランニングコースもある公園,4/2018,ファミリー,4
30,31,市民憩いの穴場,9/2018,一人,4
30,32,落ち着く場所,4/2018,ファミリー,5
30,33,広大な芝の公園,8/2018,カップル・夫婦,3
30,34,旧根岸競馬場跡の馬見所の遺構が素晴らしい！,8/2018,一人,5
30,35,根岸の高級住宅地に広がる公園,1/2018,友達,4
30,36,お花見,4/2018,友達,4
30,37,都会の中の緑の公園。,8/2018,カップル・夫婦,5
30,38,四季を感じる場所,4/2018,カップル・夫婦,5
30,39,とても広いです。,4/2018,友達,5
30,40,とにかく広い,10/2017,ファミリー,5
30,41,セントラルパークに勝る,8/2017,友達,5
30,42,全ての人にオススメの公園,4/2018,一人,5
30,43,桜満開の春日和の午後に,4/2018,友達,5
30,44,数百本の桜を一箇所に集めるともの凄い！,4/2018,ファミリー,5
30,45,満開の桜の丘,3/2018,一人,4
30,46,穏やかな梅鑑賞を,2/2018,友達,4
30,47,横浜のコーンウォールみたいなとこ,9/2017,友達,5
30,48,もうすぐ桜のシーズン,3/2018,一人,4
30,49,とにかく広い,11/2017,ファミリー,5
30,50,都会の中のオアシスみたいなところですね。,11/2017,カップル・夫婦,3
30,51,駐車場が広いです。,11/2017,カップル・夫婦,4
30,52,緑がいっぱい,8/2017,ファミリー,4
30,53,根岸森林公園,11/2017,一人,4
30,54,緑の多い公園です,5/2017,友達,3
30,55,のびのび！,4/2017,友達,5
30,56,元競馬場後,10/2016,ビジネス,4
30,57,広い芝生のある公園,6/2017,カップル・夫婦,4
30,58,桜で有名な公園,4/2017,一人,4
30,59,憩いの場！,4/2017,友達,4
31,0,フラミンゴ！フラミンゴ！,5/2021,一人,5
31,1,タンタン,2/2021,ファミリー,4
31,2,手足の短いタンタン,2/2021,,5
31,3,かわいい動物に癒やされます,9/2020,,5
31,4,ほのぼのしたムード,10/2020,,5
31,5,ありがとうタンタン,9/2020,一人,4
31,6,タンタンのお別れ,7/2020,ファミリー,5
31,7,桜の時期が最高です,5/2019,,5
31,8,コロナの影響もありますが…,3/2020,友達,5
31,9,パンダ🐼　コアラ🐨,2/2020,ファミリー,4
31,10,パンダとカバ,2/2020,ファミリー,5
31,11,パンダとコアラが一緒に見れる動物園はここだけ,1/2020,,5
31,12,パンダやマヌルネコ、コアラなど,1/2020,,5
31,13,コスパ最高です,1/2020,ビジネス,5
31,14,幻想的な夜桜のトンネル通り抜け,4/2019,,4
31,15,パンダ,11/2019,ファミリー,4
31,16,駅から近い,10/2019,,5
31,17,パンダさんを観に！！,10/2019,,4
31,18,水曜日は休みでした,10/2019,友達,4
31,19,夏場も楽しめる,8/2019,ファミリー,4
31,20,パンダの穴場,8/2019,,4
31,21,パンダとコアラ,7/2019,ファミリー,4
31,22,コアラやパンダ、カバに…イグアナ,11/2018,カップル・夫婦,5
31,23,手軽にパンダが見られる動物園,5/2019,ファミリー,4
31,24,日本で1番ゆっくり観れるパンダ,7/2019,一人,4
31,25,象が近い,7/2019,ファミリー,3
31,26,散歩がてら,5/2019,一人,4
31,27,パンダのタンタンカワイイ,5/2019,,5
31,28,ん？涼しい,5/2019,ファミリー,5
31,29,桜とパンダ,4/2019,ファミリー,4
31,30,パンダやコアラを見ました,5/2019,カップル・夫婦,5
31,31,初めてのパンダ,3/2019,ファミリー,5
31,32,パンダを見に,5/2019,ファミリー,3
31,33,子どもが楽しめる,4/2019,ファミリー,5
31,34,パンダに出会える🐼,10/2018,,5
31,35,安く動物園が見れます,11/2018,ファミリー,5
31,36,子供づれで、,4/2019,ファミリー,5
31,37,桜の木が多い,4/2019,ファミリー,4
31,38,2度目です。,4/2019,友達,4
31,39,動物園なのにお花見🌸も楽しめるよ！,4/2019,友達,5
31,40,パンダ！,4/2019,ファミリー,4
31,41,ゆっくりパンダ,11/2018,カップル・夫婦,5
31,42,入場料が安い,4/2018,友達,3
31,43,神戸でパンダ,1/2019,一人,4
31,44,広くて立地が山なので上り下りがキツイ,2/2019,,4
31,45,パンダが近くで見れます,4/2018,カップル・夫婦,4
31,46,パンダがよく見える。,2/2019,ファミリー,4
31,47,ほのぼの動物園,2/2019,カップル・夫婦,5
31,48,パンダ&コアラ,2/2019,友達,4
31,49,パンダもコアラもホッキョクグマもとても可愛かったです。,1/2019,カップル・夫婦,4
31,50,パンダ,1/2019,ファミリー,5
31,51,パンダが見れる数少ない動物園,11/2018,友達,4
31,52,夜桜を見に,4/2018,,3
31,53,ゆっくりとパンダが観ることができる！,11/2018,ファミリー,4
31,54,目の前にライオンが現れ、見やすく家族で楽しめる,11/2018,,5
31,55,駐車場,11/2018,ファミリー,5
31,56,パンダがゆっくり見られる動物園,10/2018,カップル・夫婦,5
31,57,お散歩するのに丁度よかった,11/2018,ファミリー,4
31,58,パンダを見るために行きました。,9/2018,一人,5
31,59,珍獣,10/2018,一人,5
32,0,蝦夷国一之宮,12/2020,,3
32,1,Zero point of HOKKAIDO,9/2021,,5
32,2,車で来られても第２鳥居から表参道を歩かれることをお勧めします。,9/2020,,4
32,3,立派な神宮です。,6/2021,一人,5
32,4,エゾリスを見れました,5/2021,一人,5
32,5,人が少なかった,3/2021,友達,4
32,6,暗くて良く分からなかった,11/2020,一人,3
32,7,動物園の帰りに,11/2020,カップル・夫婦,4
32,8,散歩がてらにどうぞ,10/2020,,4
32,9,厳かな雰囲気が漂うパワースポット！,10/2020,ファミリー,5
32,10,市民の憩いの場,7/2020,,4
32,11,シュっとした神社,9/2020,一人,3
32,12,かつての札幌神社,8/2020,,4
32,13,稀有な存在,8/2020,カップル・夫婦,4
32,14,パワースポット,7/2020,,5
32,15,ゆっくり散策出来ました,6/2020,一人,4
32,16,御朱印,7/2020,,4
32,17,神宮,12/2019,,4
32,18,北の春,5/2019,一人,5
32,19,お参り,2/2020,カップル・夫婦,5
32,20,荘厳な社,10/2019,,5
32,21,なかなか広いです。,10/2019,,3
32,22,広い神社,10/2019,,5
32,23,札幌のパワースポット,2/2020,ファミリー,3
32,24,真冬もよし,2/2020,一人,5
32,25,札幌の氏神様,1/2020,一人,5
32,26,パワースポット,1/2020,友達,4
32,27,札幌では数少ない日本風,12/2019,ファミリー,4
32,28,天皇即位の翌日に参拝,10/2019,,4
32,29,美しい神社⛩,1/2020,ファミリー,4
32,30,北海道随一のパワースポット,1/2020,一人,4
32,31,神宮って、神社の中で一番、位が高いのですよね,12/2019,一人,5
32,32,"一,の始まりに",1/2020,一人,5
32,33,立派な神社でした,7/2019,ビジネス,4
32,34,北海道のパワースポットです,10/2019,一人,5
32,35,狛犬を探しました,12/2019,,4
32,36,厳かな空間でした。,12/2019,一人,4
32,37,北海道の一宮,11/2019,,5
32,38,御朱印集め,11/2019,友達,4
32,39,北海道総鎮守,9/2019,ファミリー,5
32,40,紅葉の中を歩いて神宮へ,10/2019,,4
32,41,札幌市民の初詣スポット,2/2019,,5
32,42,北海道第一位の神社さん,1/2019,ファミリー,5
32,43,海外の方も,10/2019,一人,4
32,44,空気を壊す社務所の人々,9/2019,,1
32,45,社務所の方全員感じ悪い,9/2019,カップル・夫婦,1
32,46,リスが遊ぶ森。,9/2019,一人,5
32,47,静かな聖域,9/2019,一人,4
32,48,9なのに七五三？,9/2019,ファミリー,4
32,49,コンサドーレが必勝祈願するところ,8/2019,一人,3
32,50,パワーを感じることが出来ます,9/2019,,4
32,51,緑豊か,8/2019,,3
32,52,本殿は立派だが…,8/2019,ファミリー,3
32,53,神聖な空気,7/2019,,4
32,54,札幌も暑い,7/2019,,3
32,55,北海道の総鎮守,7/2019,,4
32,56,円山公園内にある由緒ある神社。　北海道の開拓使などを祭ってある。,7/2019,カップル・夫婦,4
32,57,駐車場あり（参拝のみ　最初の1時間無料）。,5/2019,カップル・夫婦,4
32,58,家内安全祈願に,7/2019,ファミリー,5
32,59,札幌市民の憩いの神社,6/2019,カップル・夫婦,4
33,0,"【感謝を伝えに,末詣～川越周辺～①川越大師 喜多院】",12/2021,,4
33,1,本日の散歩コース(川越市),1/2022,,4
33,2,見晴らしのいい所,8/2021,,3
33,3,見どころがたくさんある川越大師、喜多院,10/2020,,5
33,4,重要文化財,10/2020,カップル・夫婦,4
33,5,川越の初詣スポット,1/2020,,3
33,6,見どころいっぱい,10/2019,,5
33,7,"【830,から始まる歴史ある寺院で一,のスタートを祈願】",1/2020,,4
33,8,500羅漢を見ようと思ったのですが・・・,1/2020,,4
33,9,見所ある川越の寺院,12/2019,,4
33,10,インスタ映えの写真を撮りたかったら,12/2019,,5
33,11,成田山別院,11/2019,,4
33,12,紅葉の喜多院を訪問,11/2019,ビジネス,4
33,13,家光の幼少の頃のトイレがあります！,8/2019,,5
33,14,桜の名所,4/2019,ファミリー,5
33,15,お盆の時期でしたが,8/2019,友達,4
33,16,江戸城跡,8/2019,カップル・夫婦,4
33,17,静寂でした,7/2019,ファミリー,4
33,18,拝観料払って中を見る価値あり,6/2019,ファミリー,5
33,19,川越で一番気に入りました。,5/2019,ファミリー,5
33,20,川越大師,5/2019,ファミリー,4
33,21,食べ歩きのついでに,5/2019,友達,4
33,22,見どころたくさん,6/2018,カップル・夫婦,4
33,23,川越に来たら必ず,12/2018,カップル・夫婦,4
33,24,喜多院新緑がステキでした,5/2019,一人,5
33,25,見どころ豊富な川越大師！！　素晴らしいです。,3/2019,一人,5
33,26,別名川越大師,2/2019,カップル・夫婦,3
33,27,市民の憩いの場所,4/2019,カップル・夫婦,4
33,28,賑わってました！,4/2019,一人,4
33,29,さくら見るなら今が旬,3/2019,一人,4
33,30,徳川家ゆかりの喜多院,2/2019,一人,4
33,31,川越で人気の観光スポット,2/2019,一人,3
33,32,歴史好きにおすすめ,3/2019,ファミリー,4
33,33,人が多くなってしまった,2/2019,友達,3
33,34,犬の散歩は固くお断りします。,3/2019,カップル・夫婦,3
33,35,だるまの御朱印帳,2/2019,一人,3
33,36,五百羅漢,4/2018,カップル・夫婦,4
33,37,川越有名どころ,1/2019,ビジネス,3
33,38,首を落とされた羅漢像,1/2019,一人,4
33,39,喜多院,1/2019,カップル・夫婦,3
33,40,お参りに,1/2019,ファミリー,4
33,41,五百羅漢,1/2019,友達,4
33,42,初詣,1/2019,友達,4
33,43,初詣とダルマ市,1/2019,ファミリー,4
33,44,よくイベントをやります,11/2018,,5
33,45,広いお寺,4/2018,友達,4
33,46,江戸時代にタイムスリップ,12/2018,カップル・夫婦,5
33,47,干支を探せ！,4/2018,ファミリー,4
33,48,菊まつりを開催していました,11/2018,,3
33,49,歴史ある寺,2/2018,,4
33,50,本堂などの参詣もおすすめ,8/2018,ファミリー,4
33,51,菊まつり(113日〜23日)やってます,11/2018,一人,4
33,52,もう行かないかな,1/2018,ファミリー,2
33,53,川越観光では外せないスポット,10/2018,一人,3
33,54,三代将軍家光が生まれ春日局に育てられたお寺！,9/2018,一人,4
33,55,春日局,9/2018,友達,4
33,56,色々詰まってる,9/2018,カップル・夫婦,4
33,57,お花見で,4/2018,ファミリー,4
33,58,川越散歩に,8/2018,カップル・夫婦,3
33,59,徳川家とゆかりの深い寺,4/2018,一人,3
34,0,夜のスカイツリー綺麗でした,12/2021,,4
34,1,お子様の癒しの公園に大人も癒されます(*´˘`*),11/2021,ファミリー,4
34,2,混雑,6/2021,ビジネス,2
34,3,緑がたくさん,4/2021,,3
34,4,桜の季節が一番お勧めです,4/2021,カップル・夫婦,4
34,5,桜がきれい,4/2020,ファミリー,3
34,6,お花見の人気スポット,3/2020,ファミリー,4
34,7,桜に満たされた公園,3/2020,カップル・夫婦,4
34,8,都会のオアシスです。,2/2020,一人,4
34,9,野球グラウンドではものまねプロ野球が頻繁に行われています。,2/2020,,4
34,10,手入れがされてる^_^,1/2020,ファミリー,4
34,11,下町錦糸町駅近くの公園,11/2019,,4
34,12,のどか,11/2019,,4
34,13,スカイツリーの見える広くてゆったりとした公園,11/2019,,3
34,14,墨田区民の憩いの場,10/2019,,5
34,15,スカイツリーがよく見えます。,9/2019,,4
34,16,気持ち良い公園,9/2019,一人,3
34,17,錦糸町駅北口からすぐ,9/2019,,3
34,18,ポケモンGOをやるために行ってみました,9/2019,,4
34,19,錦糸公園で、🍞🍞を買い🍴。,1/2019,,3
34,20,ランチ,7/2019,ファミリー,4
34,21,桜の木がたくさん,8/2019,一人,4
34,22,錦糸町駅前にある施設も充実の広大な公園,6/2019,一人,3
34,23,桜の時期に！,4/2019,ファミリー,4
34,24,お花見におすすめ,4/2019,友達,4
34,25,オリナスへ行く際に通りました,4/2019,一人,4
34,26,"今,のフライベント",4/2019,友達,4
34,27,広々,4/2019,友達,3
34,28,お花見利用しました！,4/2019,一人,5
34,29,ピークは過ぎてましたね。,4/2019,一人,3
34,30,桜,4/2019,一人,4
34,31,広い公園です,3/2019,一人,3
34,32,駅に近い都市公園です,2/2019,友達,3
34,33,テニスコート利用,1/2019,友達,4
34,34,スカイツリーが見える,4/2018,友達,3
34,35,オリナスの隣,12/2018,一人,4
34,36,比較的新しい造りの公園,11/2018,一人,3
34,37,広くて綺麗な公園,12/2018,ファミリー,4
34,38,いろいろな使い方が出来る、気持ちの良い公園です。,10/2018,友達,4
34,39,普通の「ご近所の公園」の規模が、広いバージョンかな！でも、忘れないで欲しい歴史を持つ公園なんですよ。,12/2017,一人,3
34,40,よくイベントをしています,11/2018,カップル・夫婦,3
34,41,錦糸町駅近くの公園,8/2018,,3
34,42,景観はあまりよくない,7/2018,友達,2
34,43,連休に立ち寄り,9/2018,一人,3
34,44,すみジャズがオススメ！,8/2018,カップル・夫婦,4
34,45,ポケモンGOで,9/2017,友達,3
34,46,晴れた日の散歩,12/2017,,4
34,47,桜,3/2018,ファミリー,4
34,48,花見シーズン真っ盛り,3/2018,一人,3
34,49,桜が満開,3/2018,ファミリー,4
34,50,桜が本当にきれい,3/2018,一人,4
34,51,やっぱり桜は綺麗ですね‼️,3/2018,一人,3
34,52,桜満開中！,3/2018,一人,4
34,53,桜を満開しました,3/2018,友達,5
34,54,桜の名所,3/2018,カップル・夫婦,3
34,55,さくら祭り開催中でした,3/2018,一人,4
34,56,梅が咲きました,3/2018,ファミリー,4
34,57,ポケモンGOは収まったかな,2/2018,一人,4
34,58,大きい公園,2/2018,ファミリー,4
34,59,公園,2/2018,一人,3
35,0,菜の花満開,3/2021,,4
35,1,満開の桜と菜の花,3/2021,一人,5
35,2,人込みが凄かった…,3/2021,,3
35,3,アナベルが一面に咲く幻想庭園／2020 幸手 権現堂,6/2020,,5
35,4,四季折々の花,4/2020,ファミリー,4
35,5,さくら,4/2020,カップル・夫婦,5
35,6,桜満開の権現堂堤を散策,3/2020,一人,5
35,7,さくらと菜の花,3/2020,,5
35,8,ピンクと黄色のコントラスト,3/2020,,5
35,9,千本桜が満開で見頃を迎えています！2020/3/26〈権現堂桜堤の開花情報〉,3/2020,,5
35,10,"今,（2020,）は桜も菜の花も良好です",3/2020,,5
35,11,幸手桜まつり,4/2019,,5
35,12,春は菜の花の黄色と桜のピンクがとても綺麗です,3/2019,,4
35,13,彼岸花が堤を一面に覆っています,10/2019,,4
35,14,"2019,　権現堂の曼珠沙華　エリア拡大!",10/2019,,5
35,15,白い彼岸花、ピンクの彼岸花が！,9/2019,,5
35,16,電車とバスで行ってみた,10/2019,一人,5
35,17,ちょっと季節が早かった,3/2019,,4
35,18,曼珠沙華、彼岸花がきれいです,9/2019,カップル・夫婦,4
35,19,桜と菜の花,3/2019,一人,5
35,20,サクラと菜の花の共演　青空は大きなホリゾント,4/2019,,5
35,21,ゆっくり見たかった。。,6/2019,ファミリー,3
35,22,ゆっくり1往復して桜を楽しむ,4/2019,ファミリー,4
35,23,桜の時期は歩きやすい靴で,5/2019,カップル・夫婦,5
35,24,桜と菜の花を一度に楽しめる名所,4/2019,カップル・夫婦,5
35,25,思いのほかこじんまりしているような...,3/2019,カップル・夫婦,3
35,26,平日の早朝に訪問するのがおすすめ,4/2019,一人,4
35,27,最高の景色,4/2019,,5
35,28,権現堂桜提,4/2019,カップル・夫婦,4
35,29,桜の時期は第5パーキングが狙い目☆午前中早めがお勧め,4/2019,一人,5
35,30,見応えたっぷり,4/2019,一人,4
35,31,関東1番の桜,4/2019,カップル・夫婦,5
35,32,週末は朝7時に着けば大丈夫？,4/2019,カップル・夫婦,5
35,33,満開の桜と菜の花,4/2019,一人,4
35,34,桜満開,4/2019,一人,5
35,35,権現堂　桜まつり　幸手市　花火大会,4/2019,ファミリー,5
35,36,渋滞注意,4/2019,カップル・夫婦,4
35,37,交通渋滞は覚悟して行ってください。,4/2019,ファミリー,4
35,38,桜と共に道路、駐車場大混雑,4/2019,カップル・夫婦,5
35,39,桜と菜の花のコントラスト♪,4/2018,カップル・夫婦,5
35,40,水仙は終盤です,1/2019,カップル・夫婦,4
35,41,水仙の時期に,1/2019,ファミリー,4
35,42,土手に咲く真赤な曼殊沙華は癒しの空間,9/2018,カップル・夫婦,5
35,43,彼岸花がきれい,9/2018,一人,4
35,44,お花見,4/2018,友達,4
35,45,622日訪問,6/2018,一人,4
35,46,桜の季節、菜の花と青空、とても良かったです。,3/2018,,5
35,47,春は桜、初夏はあじさい、秋は曼殊沙華,6/2018,一人,5
35,48,530日現在あじさいは2分咲き,3/2017,カップル・夫婦,3
35,49,写真どおりの素敵な春を感じられる場所でした,4/2018,ファミリー,5
35,50,"今,も綺麗でした。",4/2018,ファミリー,4
35,51,桜,4/2018,一人,4
35,52,圧巻のお花見,4/2018,カップル・夫婦,5
35,53,体力と時間に余裕があれば南栗橋駅から歩くのがおすすめ,4/2018,カップル・夫婦,5
35,54,１キロにわたり桜並木,3/2018,ファミリー,5
35,55,第88回 幸手桜まつり,4/2018,カップル・夫婦,3
35,56,もう散り始めていましたが素晴らしい風景です。,4/2018,カップル・夫婦,4
35,57,何列にも重なる桜のボリュームと菜の花の多さ！,3/2018,友達,5
35,58,桜と菜の花,4/2018,一人,5
35,59,評判どおり見事な桜と菜の花,3/2018,カップル・夫婦,5
36,0,散歩するにはちょうどいい,11/2021,カップル・夫婦,4
36,1,いつの間にかセントラルパークに,11/2021,カップル・夫婦,4
36,2,あれれ、ちょっとおしゃれな感じになってた「新宿中央公園」でした。,8/2020,,5
36,3,お花,4/2020,,4
36,4,新宿中央公園,3/2020,一人,3
36,5,新宿からすぐ近くの落ち着いた公園,3/2020,,4
36,6,新宿駅近くの広い公園,3/2020,ファミリー,3
36,7,緑豊かな公園,11/2019,ファミリー,5
36,8,広くて良い,2/2020,,4
36,9,広い公園です。,6/2019,,3
36,10,ホームレスがいなくなった,1/2020,,3
36,11,"全,齢層にとって居心地の良い素敵な公園ですね。",10/2019,,4
36,12,子どもが喜ぶ,5/2019,,4
36,13,フリマor素通り,12/2019,,3
36,14,都会のオアシス,9/2019,一人,3
36,15,都庁裏の公園,9/2019,,3
36,16,じゃぶじゃぶ池,9/2019,ファミリー,4
36,17,雨の日でしたので、公園を楽しめずに残念,8/2019,,3
36,18,監視員さんのいるじゃぶじゃぶ池,8/2019,,4
36,19,都会で珍しい遊具豊富な公園,7/2019,ファミリー,3
36,20,公園ない,7/2019,一人,3
36,21,新宿区立で最大の公園,6/2019,一人,3
36,22,広い,2/2019,一人,3
36,23,のんびり芝生で寛げる,5/2019,一人,4
36,24,都内のオアシス,3/2019,一人,3
36,25,都庁近くにある公園,6/2018,一人,3
36,26,ビルの谷間に広大な敷地の公園,12/2018,一人,3
36,27,休日に寄りました,4/2019,一人,3
36,28,新宿の高層ビル群のなかに,2/2019,カップル・夫婦,4
36,29,遊具が豊富,4/2019,ファミリー,4
36,30,サラリーマンの憩いの場,4/2019,一人,4
36,31,都会の公園,4/2019,友達,5
36,32,大都会の中なのに静寂さを味わえました,3/2019,ファミリー,5
36,33,意外と狭い,2/2019,一人,3
36,34,都会のオアシス、、、というには,11/2018,一人,3
36,35,花見,4/2018,ビジネス,5
36,36,都会の中のオアシスのようです,12/2018,一人,4
36,37,都心部でもくつろげる空間,1/2019,カップル・夫婦,3
36,38,都会のオアシス,12/2018,一人,4
36,39,都会のオアシス,1/2019,カップル・夫婦,4
36,40,夜はやっぱり歩けません,11/2018,一人,3
36,41,高層ビルの中の公園,1/2018,一人,3
36,42,木々がふさふさ,11/2018,一人,3
36,43,自然のオーラ,10/2018,一人,5
36,44,自然が残っていて、癒される空間,11/2017,一人,4
36,45,都庁を眺めながら,9/2018,ファミリー,4
36,46,夏季期間限定のジャブジャブ池,9/2018,ファミリー,4
36,47,都会のオアシス,5/2018,カップル・夫婦,4
36,48,都庁近く,8/2018,カップル・夫婦,4
36,49,野外シネマイベント,7/2018,一人,4
36,50,予想以上に広い敷地です,7/2018,一人,3
36,51,新宿の喧騒の中のオアシス,7/2018,ファミリー,4
36,52,都庁に近く、のんびりできる広い公園。まさに都会のオアシス！,5/2018,一人,5
36,53,雨の日に,6/2018,一人,3
36,54,東京都庁の真裏,5/2018,一人,4
36,55,都庁舎の西に広がる大きな公園,5/2018,カップル・夫婦,4
36,56,木漏れ日がさわやか．,6/2018,一人,3
36,57,新緑が綺麗でした,4/2018,一人,3
36,58,四川フェス,4/2018,一人,3
36,59,都庁の近く,4/2018,ファミリー,4
37,0,100名城シリーズ,1/2021,,4
37,1,紅葉も綺麗,11/2021,,3
37,2,桜が咲いてれば,12/2020,カップル・夫婦,2
37,3,紅葉も綺麗です。,11/2021,,4
37,4,伊那高遠藩の平山城,7/2021,友達,3
37,5,満開の桜に圧倒された！,3/2021,カップル・夫婦,5
37,6,まだつぼみ,3/2020,,3
37,7,桜の木で埋まる城跡,4/2019,,5
37,8,100名城巡り,1/2020,,4
37,9,駐車場がネック,4/2019,,4
37,10,公園,10/2019,一人,3
37,11,100名城,9/2019,友達,3
37,12,広い,8/2019,カップル・夫婦,4
37,13,素晴らしい,4/2019,一人,5
37,14,圧巻な桜景色,4/2019,カップル・夫婦,4
37,15,見事でした,4/2019,カップル・夫婦,4
37,16,一度は行った方がいい,4/2019,ファミリー,4
37,17,桜が散った時期に訪れました。,4/2019,カップル・夫婦,3
37,18,桜が満開の高遠城址公園,4/2019,カップル・夫婦,4
37,19,ほぼ満開でした。,4/2019,ファミリー,5
37,20,見頃です 駐車場も,4/2019,カップル・夫婦,5
37,21,市民に愛されている満開の桜,4/2019,ファミリー,5
37,22,満開にはまだ早かった,4/2019,友達,4
37,23,見渡す限りの桜,4/2019,ファミリー,5
37,24,桜はまだでしたが。,4/2019,一人,3
37,25,天下一の桜！,4/2019,ファミリー,5
37,26,桜の名所,8/2018,カップル・夫婦,4
37,27,紅葉が美しい,11/2018,友達,5
37,28,春は桜、秋は紅葉,11/2018,一人,4
37,29,兜山城,8/2018,一人,3
37,30,秋の高遠,11/2017,カップル・夫婦,4
37,31,いつか桜の時期に,9/2018,,4
37,32,桜の時期じゃないと...,8/2018,ファミリー,3
37,33,春も　秋も,4/2018,ファミリー,3
37,34,桜の時期に,4/2018,ファミリー,3
37,35,ピンク色の桜の園,4/2018,,5
37,36,季節が早まって,4/2018,一人,5
37,37,何度も訪れても,4/2018,,4
37,38,天下第一桜,4/2018,一人,5
37,39,見どころは少ないが景色はいい,3/2018,一人,3
37,40,高遠駅から歩くと結構大変です,5/2018,一人,3
37,41,桜に囲まれた場所,4/2018,,4
37,42,自然には勝てない。,4/2018,ファミリー,3
37,43,桜は殆ど終わりでしたが花桃が綺麗,4/2018,カップル・夫婦,4
37,44,桜,4/2018,一人,4
37,45,高遠城跡公園の桜,4/2018,,5
37,46,満開の桜が見れなくて残念だったが城は良かったです。敬愛する盛信公の最期を飾った城だし感動しました。,4/2018,一人,5
37,47,天下第一の桜,4/2018,ファミリー,5
37,48,期待しすぎた,4/2018,,3
37,49,夜桜見物中に雪が降って幻想的でした♪,4/2018,カップル・夫婦,5
37,50,"三,ぶりの高遠城址公園",4/2018,ファミリー,5
37,51,トップレベルの花見♪問題は、いつ見頃か？,4/2018,ファミリー,5
37,52,素晴らしい桜の園,4/2018,カップル・夫婦,5
37,53,デートに最高ですね,4/2018,カップル・夫婦,5
37,54,天下第一の桜,4/2018,ファミリー,4
37,55,天下一の名に恥じない立派な桜公園,4/2018,カップル・夫婦,4
37,56,満開でした,4/2018,カップル・夫婦,5
37,57,心に残る,4/2017,友達,5
37,58,"昨,に行ったので記憶も疎いのですが、シーズン初め桜もつぼみが多く、雨で印象にはありません。",4/2017,,4
37,59,咲き乱れる沢山の桜に感動,4/2017,友達,4
38,0,"昨,2行きました",2/2021,,4
38,1,シーズンではなくても,5/2021,,4
38,2,河津桜　2末でも楽しめました！,2/2021,,4
38,3,"今,の桜祭りは中止だそう",2/2021,一人,4
38,4,"2020,。暖冬で早まった見ごろの後は…",2/2020,,4
38,5,河津桜は桜だけでも最高ですが、黄色い菜の花とのコンビネーションも素敵です,3/2020,,4
38,6,菜の花と河津桜のピンクが大変鮮やか,2/2020,,4
38,7,暖冬,2/2020,カップル・夫婦,4
38,8,"今,は",2/2020,,5
38,9,河津桜の開花もかなり早め,2/2020,,4
38,10,"例,より少しやい満開",2/2020,,4
38,11,暖冬の影響で満開時期がはやめに,2/2020,,4
38,12,河津桜は少し葉桜に,2/2020,カップル・夫婦,4
38,13,車で通る程度でよい,2/2020,カップル・夫婦,1
38,14,もう散りはじめ,2/2020,カップル・夫婦,4
38,15,早春の華やかな桜並木,2/2020,ファミリー,5
38,16,暖冬ので影響か一部は葉桜,2/2020,カップル・夫婦,4
38,17,見事な河津桜と菜の花です。,2/2020,,4
38,18,満開でした。,2/2020,カップル・夫婦,5
38,19,🌸こぼれんばかりの見事な河津桜🌸,2/2020,友達,5
38,20,満開の桜並木,2/2020,,5
38,21,214日メインの場所は八分咲,2/2020,カップル・夫婦,4
38,22,早咲きの桜です,2/2020,一人,4
38,23,ほぼ満開でした,2/2020,,4
38,24,河津桜祭りでライトアップの桜を堪能,2/2020,カップル・夫婦,4
38,25,春の景色を先取りです,2/2020,カップル・夫婦,5
38,26,ボーと海を眺めビールを飲むには、最高,6/2019,一人,5
38,27,ピンク色が濃くウキウキする春を先取り,2/2019,カップル・夫婦,5
38,28,一足早く春を感じる桜並木,2/2019,カップル・夫婦,4
38,29,河津桜のいろいろ,2/2019,カップル・夫婦,4
38,30,河津桜♪,3/2019,友達,4
38,31,河津駅から徒歩で行けます(^^),3/2019,ファミリー,4
38,32,春の訪れを感じるひととき,3/2019,ファミリー,5
38,33,美しい桜並木と大渋滞,2/2019,,4
38,34,一度は行った方がいいです♩,2/2019,友達,5
38,35,最高の桜でした,2/2019,友達,5
38,36,河津桜と菜の花のコラボは圧巻です。,3/2019,一人,5
38,37,まだ咲いていましたよ♬,3/2019,一人,4
38,38,80%は、葉桜に近い感じでしたが中には桜の色の濃い桜は見頃でした。,3/2019,カップル・夫婦,2
38,39,"毎,人気の河津桜まつり。",2/2019,カップル・夫婦,4
38,40,ピークは過ぎていました。,3/2019,友達,4
38,41,桜のアーチ,2/2019,一人,4
38,42,雨になってしまいましたが。,2/2019,カップル・夫婦,5
38,43,そろそろ終わりかけでしたが,3/2019,カップル・夫婦,4
38,44,川沿いに花見の会場になっています。,2/2019,,3
38,45,見事に満開🌸,3/2019,友達,5
38,46,河津桜に満足,2/2019,カップル・夫婦,5
38,47,桜と菜の花の競演が見事,2/2019,カップル・夫婦,4
38,48,梅の木の高さで桜が並ぶ,2/2019,友達,3
38,49,きれいはきれい。,2/2019,ファミリー,3
38,50,車窓からでしたが美しかったです。,2/2019,ファミリー,5
38,51,河津桜が見頃になりました。 Full bloom cherry blossoms.,2/2019,一人,5
38,52,満開,2/2019,ファミリー,4
38,53,"毎,恒例",2/2019,カップル・夫婦,5
38,54,やっぱり河津に行かなくては,2/2019,友達,5
38,55,"今,も河津桜を見に行った",2/2019,友達,5
38,56,2なのに車ではエアコンを使用しました,2/2019,カップル・夫婦,5
38,57,まだ5分咲きでした,2/2019,カップル・夫婦,4
38,58,ちょっと早かった。,2/2019,一人,3
38,59,"河津桜祭り露天屋台。毎,の楽しみです。",2/2019,友達,5
39,0,素晴らしい公園,2/2022,一人,4
39,1,武道館があり、広くて緑もあります,1/2022,,4
39,2,今は中には入れませんでしたが、良い場所です,5/2021,,3
39,3,かつての江戸城北の丸です。,1/2021,,3
39,4,都会のオアシス,3/2021,一人,4
39,5,花など植物鑑賞に興味あり、少し時間的余裕を持って【北の丸公園】を散策可能であれば[公園管理事務所]にある[植物ﾏｯﾌﾟ]の入手をお薦めします,3/2020,,4
39,6,桜といえば,3/2020,一人,4
39,7,マイナスイオンたっぷり！,1/2020,,5
39,8,本当は人に教えたくない場所,12/2019,,5
39,9,都会のオアシス,12/2019,,4
39,10,東京では有名な公園です。,4/2019,,4
39,11,東京とは思えない自然と静けさ,11/2019,カップル・夫婦,4
39,12,散策に楽しい,8/2019,友達,5
39,13,都心のオアシス,6/2019,一人,4
39,14,江戸城北の丸,9/2018,一人,3
39,15,江戸城跡,4/2019,ファミリー,4
39,16,広いです。,6/2019,一人,3
39,17,桜の穴場スポット,4/2019,一人,4
39,18,東御苑よりもカジュアルな,4/2019,一人,3
39,19,満開の桜の中を静かに散策しました,4/2019,カップル・夫婦,5
39,20,静かに散策できる,4/2019,一人,3
39,21,満開の桜の中で淡い紫色が新鮮でした,1/2019,カップル・夫婦,5
39,22,ガマガエル,5/2018,一人,4
39,23,都民の憩いの場,4/2019,一人,4
39,24,北の丸公園,4/2019,ビジネス,4
39,25,桜満開,4/2019,一人,5
39,26,落ち着く公園です,3/2019,一人,5
39,27,桜やモクレンの花がきれい,3/2019,,5
39,28,喧騒を離れたい時は。,1/2019,一人,3
39,29,東京のビル街に囲まれて自然のそのままの姿を感じたい,12/2018,一人,4
39,30,紅葉のもみじ山（穴場）,12/2018,カップル・夫婦,5
39,31,都心なのに広々としている,4/2018,友達,5
39,32,日本武道館を含む広い皇居外苑です,2/2019,一人,4
39,33,緑豊かな公園,12/2018,カップル・夫婦,4
39,34,陽射しは暖かく気持ちよかったですがカラスがうるさかったです,1/2019,一人,3
39,35,紅葉の中を散策,12/2018,一人,4
39,36,季節を感じられる,11/2018,一人,3
39,37,武道館,11/2018,一人,4
39,38,こんな所あったの,10/2018,一人,4
39,39,桜の時期は最高です。,3/2018,カップル・夫婦,5
39,40,もとは江戸城の北の丸,5/2018,カップル・夫婦,4
39,41,都会のオアシス的な公園,3/2018,一人,4
39,42,旧江戸城北の丸跡,6/2018,一人,4
39,43,壮大な江戸城を知る,6/2018,一人,4
39,44,静かな森･鳥の囀ずりッ♪,5/2018,一人,4
39,45,北の丸公園,4/2018,一人,3
39,46,旧江戸城田安門は一見の価値あり,3/2018,一人,4
39,47,シートを広げて弁当を食べながらお花見できます,4/2018,ビジネス,5
39,48,桜鑑賞,4/2018,一人,4
39,49,のどかな空間,4/2018,ファミリー,3
39,50,ここは都会の穴場です,4/2018,ファミリー,5
39,51,桜も綺麗な広い公園,3/2018,友達,5
39,52,定番のお花見ウォークコース,3/2018,,5
39,53,大変静かなところですね,3/2018,一人,5
39,54,今が見頃です🌸‥の巻き。,3/2018,ファミリー,4
39,55,卒業式の季節と桜,3/2018,ファミリー,4
39,56,遠足で行きました,2/2018,ファミリー,5
39,57,都内屈指のサクラの名所,10/2017,一人,4
39,58,景色がいい,2/2018,カップル・夫婦,3
39,59,桜の名所,12/2017,ビジネス,4
41,0,広大な公園,1/2022,,4
41,1,リピート決定です。,11/2021,,5
41,2,太陽の塔はやっぱり迫力！,12/2020,,5
41,3,広いですね,10/2020,一人,4
41,4,自然と人工の調和,7/2020,,4
41,5,家族連れには最高の公園です,2/2020,,5
41,6,四季それぞれに楽しいイベントも,9/2019,,5
41,7,"１９７０,大阪万博の会場跡。今は巨大な公園",2/2020,,5
41,8,広くて見るところも多いくつろげる公園,2/2020,,4
41,9,京都に行かなくても充分(紅葉),11/2019,一人,4
41,10,懐かしい太陽の塔とみんぱく,1/2020,ファミリー,5
41,11,大きいです,5/2019,,3
41,12,写真映えします,1/2020,友達,4
41,13,かなり広い,12/2019,,4
41,14,日本にどこにもないインパクトある塔！,12/2019,一人,5
41,15,自然文化園は、自然と触れ合うための工夫を凝らしている,11/2019,,5
41,16,懐かしの太陽の塔が残る広い公園,12/2019,ファミリー,4
41,17,憩いの場所,11/2019,,5
41,18,無料開放日,9/2019,カップル・夫婦,4
41,19,大好きな公園,5/2019,ファミリー,5
41,20,大きな公園,10/2019,ファミリー,4
41,21,🎨岡本太郎・渾身の作品☀tower,12/2018,,4
41,22,ここは行かないと！,8/2019,一人,4
41,23,モールもあって一日中楽しめます,8/2019,友達,5
41,24,すいれんが綺麗でした,8/2019,カップル・夫婦,5
41,25,大阪万博以来の来園,7/2019,カップル・夫婦,4
41,26,太陽の塔以外にもお楽しみがいろいろ。,6/2019,ファミリー,4
41,27,広〜い,6/2019,一人,4
41,28,広い公園,6/2019,ファミリー,4
41,29,BBQエリア,6/2019,ファミリー,4
41,30,太陽の塔,6/2019,カップル・夫婦,5
41,31,コスモス畑,10/2018,友達,4
41,32,近くにあったらいいのに。,6/2019,カップル・夫婦,4
41,33,改めて,6/2019,友達,4
41,34,広大です。,6/2019,カップル・夫婦,3
41,35,日本庭園は素晴らしいです,6/2019,カップル・夫婦,4
41,36,周囲の自転車専用道路,6/2019,一人,4
41,37,園内散策( ´ ▽ ` ),6/2019,友達,5
41,38,太陽の塔,4/2019,ファミリー,4
41,39,ガラが悪くて怖かったです。虫や犬のフンも多く、不衛生でした。,2/2019,ファミリー,1
41,40,落ち着いた公開になりました,5/2019,友達,5
41,41,たまたま行ったときに,12/2018,カップル・夫婦,4
41,42,2025大阪万博  その前に,5/2019,ファミリー,4
41,43,桜の時期に,4/2019,友達,4
41,44,イベントも盛んで楽しめる,5/2019,友達,4
41,45,北摂のシンボル「太陽の塔」,5/2019,友達,5
41,46,花見,4/2019,友達,3
41,47,"50,前の夢の跡",4/2019,ファミリー,5
41,48,懐かし思い出の場所,4/2019,一人,4
41,49,入場料がかかります,5/2019,ファミリー,4
41,50,散策にぴったり,2/2019,ファミリー,3
41,51,チューリップが見頃,4/2019,カップル・夫婦,4
41,52,チューリップフェスタ,4/2019,カップル・夫婦,4
41,53,広々していて子供も遊べる,11/2018,ファミリー,4
41,54,四季折々の花,5/2018,ファミリー,4
41,55,4/8/2019,4/2019,カップル・夫婦,5
41,56,花見に,4/2019,カップル・夫婦,5
41,57,散策,9/2018,一人,4
41,58,317日迄開催されている[梅まつり]を目的で訪問する場合　約30分のﾎﾞﾗﾝﾃｲｱ・ｶﾞｲﾄﾞ（6回/日）の利用をお薦めします,3/2019,一人,4
41,59,",3回の無料でー",3/2019,カップル・夫婦,5
44,0,花の季節に,5/2021,,5
44,1,色とりどりに咲き誇る春の花々🌷🌹🌻🌼🌸,4/2021,,4
44,2,冬のイルミネーション,12/2020,,5
44,3,見事な温室,10/2020,ファミリー,5
44,4,春が良いですね。,9/2020,,3
44,5,浜名湖花フェスタ２０２０,4/2020,,4
44,6,散歩,3/2020,ファミリー,4
44,7,お得な入園料,2/2020,,4
44,8,冬のイルミネーション,1/2020,,3
44,9,奇麗な公園,10/2019,,5
44,10,秋の花,9/2019,,4
44,11,広大な敷地に花畑が点在,5/2019,,5
44,12,きれいな花が咲き誇る広大なガーデン,5/2019,カップル・夫婦,3
44,13,ほたる,6/2019,カップル・夫婦,4
44,14,ゆっくりと楽しむ公園,4/2019,カップル・夫婦,3
44,15,季節の花々に癒されました,6/2019,ファミリー,4
44,16,春はネモフィラと藤の花の競演が見られます,4/2019,カップル・夫婦,4
44,17,足の悪い家族と,5/2019,ファミリー,4
44,18,広い,5/2019,,2
44,19,浜名湖花フェスタ,4/2019,ファミリー,4
44,20,大好きな場所,10/2018,友達,4
44,21,素敵な花時間,4/2019,友達,5
44,22,Wonderful,4/2019,カップル・夫婦,5
44,23,桜とチューリップで花見,4/2019,カップル・夫婦,4
44,24,ちゅうりっぷが満開でした,3/2019,カップル・夫婦,4
44,25,中途半端な季節？,3/2019,カップル・夫婦,2
44,26,小雨で少し残念,3/2019,カップル・夫婦,4
44,27,ふらっと訪問,2/2019,一人,4
44,28,珍しい植木発見！！,2/2019,友達,4
44,29,桜の季節がいいね,4/2018,友達,4
44,30,広大な敷地,8/2018,ファミリー,5
44,31,一面お花畑,3/2018,ファミリー,5
44,32,広い公園です,1/2019,ファミリー,4
44,33,"今,もイルミネーションに",12/2018,一人,5
44,34,",々良くなるイルミネーション",12/2018,ファミリー,5
44,35,ホタル,6/2018,カップル・夫婦,4
44,36,美しく整っていました,6/2018,,4
44,37,クリスマス,12/2017,ファミリー,4
44,38,舘山寺まての途中に,9/2018,カップル・夫婦,5
44,39,色々な花、夏季は無料,8/2018,カップル・夫婦,3
44,40,格安で、結構楽しめます,10/2017,カップル・夫婦,4
44,41,綺麗な花たちと,7/2018,カップル・夫婦,5
44,42,どんな季節でも花を眺めながら静かに過ごせます,8/2017,,5
44,43,花の種類がたくさんありました,7/2018,ファミリー,4
44,44,菖蒲 と紫陽花 ,5/2018,ファミリー,5
44,45,美しい花で癒される,5/2018,ファミリー,5
44,46,一日楽しめる,4/2018,ファミリー,5
44,47,広くのんびりできる,4/2018,,4
44,48,桜とチューリップの競演,4/2018,ファミリー,4
44,49,浜松の人が羨ましい。,4/2018,カップル・夫婦,5
44,50,訪れるには今がいいシーズンです。,4/2018,ファミリー,5
44,51,浜松の老舗の公園 有料ですが,3/2018,カップル・夫婦,4
44,52,期間限定の夜桜,3/2018,ファミリー,4
44,53,桜とチューリップが見事でした。,3/2018,ファミリー,5
44,54,実質　無料☺👍,2/2018,友達,5
44,55,蛍鑑賞は一見の価値あり,6/2017,カップル・夫婦,4
44,56,帰りの乗船までの時間までの１時間くらいの滞在でしたが、とても整備されており楽しめました。,11/2017,ファミリー,4
44,57,文化の日お孫ちゃんと,11/2017,ファミリー,5
44,58, 花好きにはたまらない,10/2017,ビジネス,3
44,59,ペット同伴不可,10/2017,ファミリー,3
45,0,紅葉が綺麗だったのは南禅寺側の入り口付近だけであとは退屈な道でした,11/2021,カップル・夫婦,3
45,1,お花見の名所,4/2021,カップル・夫婦,4
45,2,雑草が生い茂った「ただの小川」沿いの道でした,6/2021,,3
45,3,のんびり散策,4/2021,,4
45,4,春爛漫の哲学の道,4/2021,カップル・夫婦,4
45,5,ここにも春がやってきました,3/2021,,4
45,6,涼を取りながら散歩,8/2020,,4
45,7,いいねえ。,12/2020,,4
45,8,雨の日でも散策,11/2020,一人,4
45,9,哲学的な道,11/2020,,4
45,10,素敵な道,3/2020,カップル・夫婦,5
45,11,桜の季節は圧巻の美しさ,3/2020,,5
45,12,桜の時期が一番,4/2020,,5
45,13,圧巻の桜並木,4/2020,ファミリー,5
45,14,桜の季節は最高です,3/2020,ファミリー,4
45,15,哲学の道・その先（都市と心の復興）,11/2019,,5
45,16,南禅寺から銀閣寺迄行く散歩道,2/2020,一人,4
45,17,早咲きの梅の花に出会えました。,2/2020,カップル・夫婦,5
45,18,レトロと生活感と、、,2/2020,,3
45,19,レトロ,1/2020,,4
45,20,人は人、吾はわれ也、とにかくに吾行く道を吾は行くなり,11/2019,,4
45,21,銀閣寺まで,1/2020,カップル・夫婦,4
45,22,秋は紅葉、春は桜,11/2019,,4
45,23,大豊神社の帰り,1/2020,カップル・夫婦,4
45,24,銀閣寺へと続く道,10/2019,カップル・夫婦,4
45,25,別荘,12/2019,,5
45,26,人混み,11/2019,カップル・夫婦,4
45,27,季節季節で楽しめる,11/2019,,4
45,28,疎水沿いの道,11/2019,,3
45,29,疏水沿いの紅葉,11/2019,一人,3
45,30,春と秋がお薦めです,8/2019,カップル・夫婦,5
45,31,桜の時季がいいかも,9/2019,友達,3
45,32,ゆったりしたい時は。,6/2019,一人,5
45,33,新緑がきれい,6/2019,友達,3
45,34,人があふれていました,8/2019,,3
45,35,哲学の道（径と書く場合もあるようですね）,7/2019,一人,5
45,36,観光客で賑わってました,7/2019,カップル・夫婦,4
45,37,季節を選ぶとよいのかも,6/2019,一人,3
45,38,雪の華,1/2019,一人,4
45,39,何も考えずに！,6/2019,カップル・夫婦,4
45,40,桜の季節は最高です,4/2019,一人,4
45,41,にぎやかな散策の道,4/2019,一人,4
45,42,哲学の道を散策,5/2019,カップル・夫婦,5
45,43,川沿いの道,5/2019,一人,3
45,44,桜並木に人が溢れかえっていました,4/2019,友達,4
45,45,桜で大混雑！,3/2019,ファミリー,3
45,46,お散歩,5/2018,ファミリー,3
45,47,哲学の道,4/2019,ファミリー,5
45,48,桜、もみじ どの季節でも散歩にとても良い,4/2019,,5
45,49,道🎶,4/2019,カップル・夫婦,4
45,50,桜の季節が一番素晴らしいです,4/2019,友達,4
45,51,お花見散歩,4/2019,ファミリー,5
45,52,桜がとてもきれいでした,4/2019,カップル・夫婦,4
45,53,四季の景観,4/2019,ファミリー,4
45,54,京都の中でも最高の場所を散策,4/2019,カップル・夫婦,5
45,55,疎水にかかる桜,4/2018,一人,5
45,56,桜の名所,11/2018,カップル・夫婦,3
45,57,蕾が膨らんでいます。,3/2019,一人,4
45,58,散歩が気持ちいい,6/2018,友達,4
45,59,気持ち次第,3/2019,友達,3
46,0,日本橋発着の観光船を利用しました,1/2022,,5
46,1,嫌な事忘れて水に流そう🌅🗼🌁🏃•*¨*•.¸¸♪•*¨*•.¸¸♬︎*,8/2021,一人,5
46,2,憩いの場,3/2021,,4
46,3,川岸をお散歩,10/2020,カップル・夫婦,4
46,4,隅田川テラスをのんびり散歩,10/2020,,4
46,5,落ち着く場所,9/2020,,5
46,6,情緒溢れる散歩道,8/2020,,5
46,7,新旧の混在,9/2019,,4
46,8,川べりの歩道もあります,5/2019,,3
46,9,さくら,3/2020,友達,3
46,10,美しい風景,2/2020,,4
46,11,のんびりした場所,2/2020,,4
46,12,父母との思い出の場所,4/2019,,5
46,13,首都高から,7/2019,友達,3
46,14,同じ川でも浅草近辺がいい,6/2019,一人,3
46,15,川沿いの散策が楽しい,5/2019,一人,5
46,16,夕方の風景,7/2019,友達,4
46,17,隅田川宇宙船の旅👍😃,7/2019,友達,5
46,18,やっぱり清洲橋が一番格好いいね,6/2019,一人,4
46,19,クルーズが楽しい,6/2018,友達,4
46,20,唱歌「花」の歌詞を,2/2019,カップル・夫婦,4
46,21,桜,4/2019,ファミリー,3
46,22,"一,楽しめます",4/2019,一人,5
46,23,浅草周辺の隅田川はにぎわっていますね。,2/2019,友達,5
46,24,花見,4/2019,友達,3
46,25,お花見,3/2019,友達,5
46,26,お花見🌸,3/2019,一人,4
46,27,隅田川の桜（お花見）,3/2019,,4
46,28,両国橋から眺めました,12/2018,カップル・夫婦,4
46,29,桜を見るために,8/2017,友達,4
46,30,海外の川に比べて風情がないが、桜の時期は良い,2/2019,一人,3
46,31,川下り,5/2018,カップル・夫婦,4
46,32,川,1/2019,ファミリー,3
46,33,ラストは2倍の楽しみ,1/2019,カップル・夫婦,4
46,34,吾妻橋見学。,1/2018,一人,3
46,35,スカイツリーとアサヒビールの有名なビルを眺めることができます,10/2018,カップル・夫婦,5
46,36,都会のオアシス,5/2018,一人,4
46,37,スカイツリーを見ながら,10/2018,一人,5
46,38,スカイツリーも見える,12/2017,一人,3
46,39,陸からの景色も船からの景色も良いです。,5/2018,カップル・夫婦,5
46,40,川下りを楽しめます,9/2018,,4
46,41,何度行っても楽しいです,7/2018,ファミリー,4
46,42,何度来ても楽しめる。,3/2018,カップル・夫婦,5
46,43,隅田川で船が浮かんでいました,8/2018,一人,3
46,44,東京を代表する川,8/2018,一人,3
46,45,隅田川といえば…「浅草」と「屋形船」,5/2018,ビジネス,5
46,46,隅田川越しのスカイツリー,5/2018,カップル・夫婦,4
46,47,浅草からお台場方面。。,6/2018,友達,3
46,48,たくさんの屋台船,5/2018,カップル・夫婦,4
46,49,のんびり散歩,5/2018,ファミリー,3
46,50,流石に桜のシーズンは人出がすごい,3/2018,一人,4
46,51,今も昔も愛される川,5/2017,友達,3
46,52,昔も今も下町の心の象徴,3/2018,一人,5
46,53,暑い～。,5/2017,一人,4
46,54,桜が最高です,3/2018,ファミリー,4
46,55,隅田川テラス,2/2018,一人,3
46,56,桜の季節が一番美しい,2/2018,カップル・夫婦,4
46,57,ジョギングコース,1/2018,一人,4
46,58,浅草駅を出ると,12/2017,一人,3
46,59,のんびりと楽しめる川沿い,12/2017,友達,3
47,0,初めて立ち寄った公園ですが、広くてびっくりしました。,10/2020,一人,4
47,1,お花見にぴったり,3/2020,ファミリー,4
47,2,さくら,3/2020,カップル・夫婦,4
47,3,公園内に飛行機があります。,3/2020,一人,4
47,4,飛行機好きにはオススメ,1/2020,一人,3
47,5,ロウバイ園がオススメ,2/2020,一人,4
47,6,^_^,1/2020,ファミリー,4
47,7,広い公園です。,9/2019,,3
47,8,イベントも多い,10/2019,,3
47,9,子供の遊べる施設が多いです,10/2019,ファミリー,4
47,10,アスレチックが本格的,5/2019,ファミリー,5
47,11,かなり広い公園なんだが,10/2019,一人,4
47,12,駅を出てすぐ,8/2019,,3
47,13,ランニングコースもある,9/2019,一人,4
47,14,広い公園である,5/2019,カップル・夫婦,3
47,15,イベントへ,4/2019,ファミリー,4
47,16,大きい公園,5/2019,,4
47,17,散歩にちょうど良い,5/2019,一人,4
47,18,お花見,4/2019,友達,4
47,19,航空機は漢のロマン！,3/2019,一人,4
47,20,広々としていて、いい公園でした,3/2019,カップル・夫婦,4
47,21,町の中に大きな公園,2/2019,一人,4
47,22,いつも賑わう公園,12/2018,ファミリー,4
47,23,蝋梅と色々な樹木が楽しめます,1/2019,カップル・夫婦,4
47,24,ロウバイ園,1/2019,一人,5
47,25,犬の散歩,12/2018,一人,4
47,26,BBQもできます,4/2018,,5
47,27,明治天皇御駐輦碑,11/2018,一人,4
47,28,平和な休日を満喫,10/2018,ファミリー,4
47,29,Aviation Memorial Park,8/2017,一人,4
47,30,駅前の広い公園,7/2018,一人,4
47,31,県営所沢航空記念公園,5/2018,一人,3
47,32,お散歩,6/2018,友達,4
47,33,とても広いです,5/2018,ファミリー,4
47,34,久しぶりの航空公園！,4/2018,ファミリー,4
47,35,広い,4/2018,一人,4
47,36,地元の食材を使ったレストランがあります。,3/2018,ファミリー,5
47,37,家族でのんびり！,3/2018,ファミリー,4
47,38,"広々としたドッグラン！　駐車場は、今,のGWまでは2時間無料！",3/2018,カップル・夫婦,4
47,39,サクラ,4/2017,カップル・夫婦,2
47,40,日本庭園はとても素敵,2/2018,ファミリー,4
47,41,市役所ついでに🚶,2/2018,一人,3
47,42,"自然が多くて、子どもからご,配の方まで楽しめる憩いの場所です。",11/2017,ファミリー,5
47,43,市役所を訪問ついでに航空公園を散歩,11/2017,一人,4
47,44,"昨,12に行きました",12/2016,一人,4
47,45,ドッグラン,9/2017,カップル・夫婦,4
47,46,航空発祥の地,8/2017,ファミリー,3
47,47,日本の航空史の始まりの場所,8/2017,一人,4
47,48,ピクニックに最適,5/2017,,4
47,49,滑走路が公園,5/2017,一人,4
47,50,とても広い,1/2017,,4
47,51,広い公園！,4/2017,ファミリー,5
47,52,所沢航空公園,4/2017,ファミリー,4
47,53,いい,5/2017,ファミリー,5
47,54,ミュヘンのイングリッシュガーデン,4/2017,一人,5
47,55,ＮＹのセントラルパークと同じ。,4/2017,一人,5
47,56,日本で最初に飛行機が飛んだ場所,3/2017,一人,3
47,57,花見の穴場スポット,4/2017,一人,5
47,58,ランニングに,12/2016,友達,4
47,59,もっとも駅近の大規模公園,3/2017,カップル・夫婦,4
48,0,櫻が無いと神さんが「おられない」神社や仏像が「無い」寺院みたいですね,1/2022,,3
48,1,由緒ある神社です,12/2021,,4
48,2,修復中,4/2021,,3
48,3,22社まいりで訪れました,3/2021,,4
48,4,朝参り,8/2020,,3
48,5,きれいな桜,4/2020,,4
48,6,京都に春を告げる魁桜,3/2020,,4
48,7,「桜の博物館」と言われている,3/2020,,5
48,8,いろんな桜が楽しめます。,3/2020,,4
48,9,桜の頃がお薦め,2/2020,,4
48,10,桜,3/2020,カップル・夫婦,5
48,11,秋の桜がきれいでした,11/2019,,4
48,12,紫式部祭,10/2019,,4
48,13,平野神社の裏技,8/2019,一人,4
48,14,鳥居の色合いが綺麗でした。,5/2019,友達,5
48,15,広いわりには混雑,5/2019,一人,3
48,16,古くからの桜の名所,3/2019,一人,4
48,17,平野神社,4/2019,カップル・夫婦,4
48,18,ライトアップされた桜も一興,4/2019,ファミリー,5
48,19,桜を愛でるか、宴に饗するか。,4/2019,カップル・夫婦,3
48,20,手ぶらで花見　花見茶屋ひさご,3/2019,友達,4
48,21,いろんな桜🌸楽しめます,4/2019,一人,4
48,22,桜の名所,3/2019,友達,4
48,23,きれいな桜で台風からの復興に,3/2019,一人,5
48,24,桜花祭,11/2018,カップル・夫婦,3
48,25,台風で壊滅的だそう,12/2018,ファミリー,3
48,26,社務所の方の対応に残念な思いを抱いてしまいました,11/2018,一人,2
48,27,独特なデザインの本殿,6/2018,カップル・夫婦,4
48,28,台風21号により 平野神社の拝殿や桜が倒壊！！　美しい桜の名所が無残な姿になるとは。一日も早い復興を祈ります。,8/2018,一人,4
48,29,京都の隠れた桜の名所,4/2018,,5
48,30,京都の桜の名所の一つです,4/2018,友達,4
48,31,是非、桜の季節に,4/2018,一人,4
48,32,桜が散った後は閑散としています,4/2018,一人,3
48,33,桜の名所、神社なのに宴会できる？,4/2018,一人,5
48,34,サクラの季節に,5/2017,一人,4
48,35,意外にも平安遷都の頃の創建だそうです,4/2018,ファミリー,3
48,36,神社の中でクラシック,4/2018,一人,3
48,37,様々な種類の桜が,4/2018,一人,4
48,38,桜花祭,4/2018,一人,4
48,39,京都桜の神社,4/2018,カップル・夫婦,4
48,40,昼間の桜と夜桜はどちらも捨てがたい,3/2018,友達,4
48,41,ややコマーシャリズムにのっているけど桜は凄い,4/2018,カップル・夫婦,4
48,42,桜は満足も駐車場料金1回1000円は頂けません。,4/2018,一人,2
48,43,桜の種類、本数が豊富,3/2018,一人,4
48,44,桜！桜！桜！,3/2018,一人,5
48,45,"今,は早いですが，満開です",3/2018,一人,5
48,46,320日訪問しました山門の垂れ桜が開花しました。,3/2018,一人,4
48,47,桜の名所,4/2017,一人,5
48,48,桜の時期に訪れたい,12/2017,カップル・夫婦,3
48,49,桜で有名な神社,12/2017,ファミリー,3
48,50,対応がひどい,9/2017,友達,1
48,51,夜に参拝客が沢山,9/2017,一人,4
48,52,魁桜,3/2017,一人,5
48,53,桜の時期、夜間のライトアップは４20日まで行っています。,4/2017,ファミリー,5
48,54,早咲き桜で有名な神社,4/2017,一人,5
48,55,圧巻の桜,4/2017,ファミリー,5
48,56,桜の神社,4/2017,一人,5
48,57,野趣あふれる庭と可愛いおみくじ,4/2017,一人,4
48,58,宴の前,3/2017,ファミリー,3
48,59,少し遅めの平野神社,4/2017,一人,5
49,0,美しい公園です。,12/2021,,5
49,1,散歩に良さそう,10/2020,,4
49,2,頂上の展望台まで徒歩10分。,5/2021,ファミリー,3
49,3,隠し城のようですね,4/2021,一人,3
49,4,道後温泉にある昔の城跡です,10/2020,,4
49,5,"14世紀前半から16世紀後半にかけての250,もの間あったといわれるお城の跡なんです",10/2020,,4
49,6,中世に築かれた城の外堀、内堀、土塁が残っている貴重な城址公園,6/2020,,5
49,7,展望台に行くと景色が良いです。,12/2020,一人,4
49,8,日本100名城にも認定されているお城（お城の城跡）,8/2020,,4
49,9,宇和島ゆき,2/2020,一人,3
49,10,海賊衆を束ねた河野氏の居城跡,2/2020,一人,5
49,11,百名城,1/2020,,4
49,12,観光客が少なくてゆっくりできます,1/2020,一人,4
49,13,お散歩におすすめ,12/2019,カップル・夫婦,5
49,14,入場無料,12/2019,,5
49,15,ベンチでゆっくりできました。,11/2019,,5
49,16,意外と広い公園,9/2019,,3
49,17,けっこう広い公園,10/2019,カップル・夫婦,4
49,18,ホテルの近くにあったので散歩で行きました。,11/2019,,4
49,19,展望台,9/2019,一人,3
49,20,無料です,9/2019,,3
49,21,歴史的な,9/2018,一人,4
49,22,歴史ある城跡,5/2019,カップル・夫婦,3
49,23,見どころの多い公園,5/2019,一人,4
49,24,松山城を遠望できる,5/2019,友達,4
49,25,市民の憩いの公園,5/2019,カップル・夫婦,3
49,26,道後温泉近くの城跡公園,5/2019,一人,4
49,27,地元民のお花見スポット,4/2019,ファミリー,4
49,28,城、植物園、動物園、公園…顔は違えどそれぞれの役割は十分に果たした。,12/2018,一人,3
49,29,100名城の80番,3/2019,一人,3
49,30,昭和最後は動物園,3/2019,ファミリー,4
49,31,整備された綺麗な史跡,3/2019,一人,4
49,32,展望台から見る夕暮れの松山市街,2/2019,一人,3
49,33,いまいち…,2/2019,一人,3
49,34,史跡,1/2019,カップル・夫婦,4
49,35,アートイベント「ひかりの実」,12/2018,ファミリー,4
49,36,優しい光のトンネル,12/2018,カップル・夫婦,3
49,37,湯築城趾のあと,11/2018,一人,4
49,38,意外に広い、お散歩コース,11/2018,カップル・夫婦,5
49,39,近所の高校生の挨拶が清々しかった,10/2018,一人,4
49,40,資料館でボランティアの方々色々教えてくれます,10/2018,一人,3
49,41,家族六人で行きました。,8/2018,ファミリー,3
49,42,お散歩がてら！,4/2018,ファミリー,4
49,43,歴史を感じる、が。,5/2018,,3
49,44,城郭跡,9/2018,一人,4
49,45,鎌倉から戦国時代まで有名を馳せた河野氏の居城跡地です。,8/2018,一人,5
49,46,国指定の史跡公園,7/2018,一人,4
49,47,気軽な花見は、道後公園,4/2018,ファミリー,4
49,48,ちょっとしたお散歩に。,7/2018,友達,3
49,49,サクラ,4/2018,一人,4
49,50,資料館があります。,5/2018,一人,3
49,51,広い！,5/2018,一人,3
49,52,伊予の守護河野氏の居城跡は桜の名所,3/2018,一人,4
49,53,武家屋敷は必見,4/2018,一人,5
49,54,大人気の道後公園内にある伊予国守護の河野氏の拠点,3/2018,一人,4
49,55,松山の桜の名所は、日本100名城のひとつ,4/2018,一人,4
49,56,桜が綺麗な！家族にも良い公園,4/2018,カップル・夫婦,4
49,57,道後公園が城跡、湯築城,3/2018,ファミリー,3
49,58,桜満開,4/2018,カップル・夫婦,4
49,59,桜満開のしたで弁当,3/2018,ファミリー,3
