location_id,name,rate,review_count,city,region_jp,region_en,address,latitude,longitude,href,surrounding,attraction
14,祇園歓楽街,45,7275,京都府,近畿地方,Kinki,"""東山区, 京都市""",34.9923961,135.7757965,https://www.tripadvisor.jp/Attraction_Review-g298564-d321451-Reviews-Gion-Kyoto_Kyoto_Prefecture_Kinki.html#REVIEWS,city,shrine
87,二条城,45,6975,京都府,近畿地方,Kinki,"""中京区二条城町541, 京都市""",35.0151077,135.7477768,https://www.tripadvisor.jp/Attraction_Review-g298564-d321408-Reviews-Nijo_Castle-Kyoto_Kyoto_Prefecture_Kinki.html#REVIEWS,city,castle
16,大阪城公園,40,6924,大阪府,近畿地方,Kinki,"""大阪城1, 中央区""",34.6865287,135.5264693,https://www.tripadvisor.jp/Attraction_Review-g14127623-d1407217-Reviews-Osaka_Castle_Park-Chuo_Osaka_Osaka_Prefecture_Kinki.html#REVIEWS,city,castle
3,新宿御苑,45,6156,東京都,関東地方,Kanto,"""内藤町11, 新宿区""",35.6867332,139.7081702,https://www.tripadvisor.jp/Attraction_Review-g1066457-d479258-Reviews-Shinjuku_Gyoen_National_Garden-Shinjuku_Tokyo_Tokyo_Prefecture_Kanto.html#REVIEWS,city,garden
0,上野恩賜公園,45,5243,東京都,関東地方,Kanto,東京都上野公園,35.7156148,139.7741538,https://www.tripadvisor.jp/Attraction_Review-g14134278-d320441-Reviews-Ueno_Park-Uenokoen_Taito_Tokyo_Tokyo_Prefecture_Kanto.html#REVIEWS,city,shrine
78,松本城,45,3591,長野県,中部地方,Chubo,"""丸の内4-1, 長野県松本市""",36.2382162,137.9701317,https://www.tripadvisor.jp/Attraction_Review-g298118-d320181-Reviews-Matsumoto_Castle-Matsumoto_Nagano_Prefecture_Koshinetsu_Chubu.html#REVIEWS,country,castle
45,哲学の道,40,3186,京都府,近畿地方,Kinki,"""左京区, 京都市""",35.1630759,135.8089934,https://www.tripadvisor.jp/Attraction_Review-g298564-d545965-Reviews-Philosopher_s_Walk-Kyoto_Kyoto_Prefecture_Kinki.html#REVIEWS,city,shrine
69,皇居,40,2776,東京都,関東地方,Kanto,"""千代田 1-1, 千代田区""",35.6863053,139.75823,https://www.tripadvisor.jp/Attraction_Review-g1066443-d320050-Reviews-Imperial_Palace-Chiyoda_Tokyo_Tokyo_Prefecture_Kanto.html#REVIEWS,city,castle
118,京都御所,40,2428,京都府,近畿地方,Kinki,"""上京区京都御苑 3, 京都市""",35.0177595,135.7617429,https://www.tripadvisor.jp/Attraction_Review-g298564-d321088-Reviews-Kyoto_Imperial_Palace-Kyoto_Kyoto_Prefecture_Kinki.html#REVIEWS,city,garden
6,代々木公園,45,2319,東京都,関東地方,Kanto,"""代々木神園町2-1 , 渋谷区""",35.6717823,139.6917847,https://www.tripadvisor.jp/Attraction_Review-g1066456-d561514-Reviews-Yoyogi_Park-Shibuya_Tokyo_Tokyo_Prefecture_Kanto.html#REVIEWS,city,shrine
113,金沢城,40,2181,北陸地方,中部地方,Chubo,"""丸の内1-1, 石川県金沢市""",36.5648935,136.658151,https://www.tripadvisor.jp/Attraction_Review-g298115-d324909-Reviews-Kanazawa_Castle-Kanazawa_Ishikawa_Prefecture_Hokuriku_Chubu.html#REVIEWS,country,castle
24,皇居東御苑（旧江戸城本丸跡）,40,2014,東京都,関東地方,Kanto,"""千代田 1-1, 千代田区""",35.6863053,139.75823,https://www.tripadvisor.jp/Attraction_Review-g1066443-d320625-Reviews-The_East_Gardens_of_the_Imperial_Palace_Edo_Castle_Ruin-Chiyoda_Tokyo_Tokyo_Prefe.html#REVIEWS,city,castle
92,浜離宮恩賜庭園,45,1918,東京都,関東地方,Kanto,"""浜離宮庭園1‐1, 中央区""",35.6610615,139.7656373,https://www.tripadvisor.jp/Attraction_Review-g1066444-d320445-Reviews-Hama_Rikyu_Gardens-Chuo_Tokyo_Tokyo_Prefecture_Kanto.html#REVIEWS,city,garden
108,靖国神社,40,1620,東京都,関東地方,Kanto,"""九段北 3-1-1, 千代田区""",35.694966,139.7441268,https://www.tripadvisor.jp/Attraction_Review-g1066443-d555799-Reviews-Yasukuni_Shrine-Chiyoda_Tokyo_Tokyo_Prefecture_Kanto.html#REVIEWS,city,shrine
786,八坂神社,40,1613,京都府,近畿地方,Kinki,"""東山区祇園町北側625番地, 京都市""",35.0036127,135.7779612,https://www.tripadvisor.jp/Attraction_Review-g298564-d1174912-Reviews-Yasaka_Shrine-Kyoto_Kyoto_Prefecture_Kinki.html#REVIEWS,city,shrine
785,五稜郭公園,40,1402,函館市,北海道地方,Hokkaido,"""五稜郭町44番地, 北海道函館市""",41.7964803,140.7569123,https://www.tripadvisor.jp/Attraction_Review-g298151-d1439713-Reviews-Goryokaku_Park-Hakodate_Hokkaido.html#REVIEWS,country,garden
402,浅草神社,45,1338,東京都,関東地方,Kanto,"""2-3-1, 東京都浅草""",35.7185858,139.7958849,https://www.tripadvisor.jp/Attraction_Review-g14134311-d2492312-Reviews-Asakusa_Shrine-Asakusa_Taito_Tokyo_Tokyo_Prefecture_Kanto.html#REVIEWS,city,shrine
95,仁和寺,45,1255,京都府,近畿地方,Kinki,"""右京区御室大内33, 京都市""",35.0293057,135.7142433,https://www.tripadvisor.jp/Attraction_Review-g298564-d591803-Reviews-Ninna_ji_Temple-Kyoto_Kyoto_Prefecture_Kinki.html#REVIEWS,city,shrine
1,千鳥ヶ淵,45,1201,東京都,関東地方,Kanto,"""北の丸公園1-1, 千代田区""",35.692364,139.7494726,https://www.tripadvisor.jp/Attraction_Review-g1066443-d1373705-Reviews-Chidorigafuchi-Chiyoda_Tokyo_Tokyo_Prefecture_Kanto.html#REVIEWS,city,garden
32,北海道神宮,40,1192,札幌市,北海道地方,Hokkaido,"""中央区宮ヶ丘474, 札幌市""",43.0554242,141.3079548,https://www.tripadvisor.jp/Attraction_Review-g298560-d591381-Reviews-Hokkaido_Jingu-Sapporo_Hokkaido.html#REVIEWS,country,shrine
728,錦帯橋,45,1181,山口県,中国地方,Chugoku,"""岩国1, 山口県岩国市""",34.1665326,132.1801105,https://www.tripadvisor.jp/Attraction_Review-g675102-d1232938-Reviews-Kintaikyo_Bridge-Iwakuni_Yamaguchi_Prefecture_Chugoku.html#REVIEWS,country,castle
79,三渓園,45,1142,神奈川県,関東地方,Kanto,"""中区本牧三之谷58-1, 横浜市""",35.4174752,139.6574453,https://www.tripadvisor.jp/Attraction_Review-g298173-d320017-Reviews-Sankeien_Gardens-Yokohama_Kanagawa_Prefecture_Kanto.html#REVIEWS,city,garden
9,建仁寺,45,998,京都府,近畿地方,Kinki,"""東山区大和大路四条下ル小松町584, 京都市""",35.0004553,135.7736387,https://www.tripadvisor.jp/Attraction_Review-g298564-d1386175-Reviews-Kennin_ji_Temple-Kyoto_Kyoto_Prefecture_Kinki.html#REVIEWS,city,shrine
148,東京ミッドタウン,40,936,東京都,関東地方,Kanto,"""9-7-2, 東京都赤坂""",35.6710403,139.7345469,https://www.tripadvisor.jp/Attraction_Review-g14129743-d1574646-Reviews-Tokyo_Midtown-Akasaka_Minato_Tokyo_Tokyo_Prefecture_Kanto.html#REVIEWS,city,garden
198,今帰仁城跡,40,895,国頭郡,九州・沖縄地方,Kyushu - Okinawa,"""今泊 5101番地, 今帰仁村""",26.6924609,127.92806,https://www.tripadvisor.jp/Attraction_Review-g1025647-d1232984-Reviews-Nakijin_Castle_Ruins-Nakijin_son_Kunigami_gun_Okinawa_Prefecture.html#REVIEWS,country,castle
307,嵐山嵯峨野 トロッコ列車,40,871,京都府,近畿地方,Kinki,"""右京区嵯峨天龍寺車道町, 京都市""",35.0181575,135.680484,https://www.tripadvisor.jp/Attraction_Review-g298564-d1497824-Reviews-Sagano_Romantic_Train-Kyoto_Kyoto_Prefecture_Kinki.html#REVIEWS,country,mountain
283,横浜ランドマークタワー,40,819,神奈川県,関東地方,Kanto,"""2-2-1, 神奈川県みなとみらい""",35.4600798,139.6324577,https://www.tripadvisor.jp/Attraction_Review-g14134875-d553444-Reviews-Landmark_Tower-Minatomirai_Nishi_Yokohama_Kanagawa_Prefecture_Kanto.html#REVIEWS,city,water
261,水前寺成趣園,40,775,熊本県,九州・沖縄地方,Kyushu - Okinawa,"""中央区水前寺公園8-1, 熊本県熊本市""",32.7923941,130.7353524,https://www.tripadvisor.jp/Attraction_Review-g298213-d324730-Reviews-Suizenji_Jojuen_Garden-Kumamoto_Kumamoto_Prefecture_Kyushu.html#REVIEWS,city,castle
155,中島公園,40,761,札幌市,北海道地方,Hokkaido,"""中央区中島公園1, 札幌市""",43.0444796,141.3537168,https://www.tripadvisor.jp/Attraction_Review-g298560-d1384178-Reviews-Nakajima_Park-Sapporo_Hokkaido.html#REVIEWS,city,garden
166,東山動植物園,40,757,東海地方,近畿地方,Kinki,"""千種区東山元町3-70, 名古屋市""",35.1533684,136.9773178,https://www.tripadvisor.jp/Attraction_Review-g298106-d551335-Reviews-Higashiyama_Zoo_Botanical_Garden-Nagoya_Aichi_Prefecture_Tokai_Chubu.html#REVIEWS,country,garden
922,嵯峨野,45,757,京都府,近畿地方,Kinki,"""右京区嵯峨天龍寺芒ノ馬場町, 京都市""",35.0154433,135.6745703,https://www.tripadvisor.jp/Attraction_Review-g298564-d1386107-Reviews-Sagano-Kyoto_Kyoto_Prefecture_Kinki.html#REVIEWS,city,shrine
621,小倉城,40,687,福岡県,九州・沖縄地方,Kyushu - Okinawa,"""小倉北区城内2-1, 北九州市""",33.8844431,130.8742464,https://www.tripadvisor.jp/Attraction_Review-g303160-d554425-Reviews-Kokura_Castle-Kitakyushu_Fukuoka_Prefecture_Kyushu.html#REVIEWS,country,castle
5,醍醐寺,45,648,京都府,近畿地方,Kinki,"""伏見区醍醐伽藍町1, 京都市""",34.9514225,135.822616,https://www.tripadvisor.jp/Attraction_Review-g298564-d321455-Reviews-Daigo_ji_Temple-Kyoto_Kyoto_Prefecture_Kinki.html#REVIEWS,city,shrine
147,偕楽園,40,643,茨城県,関東地方,Kanto,"""見川1-1251, 茨城県水戸市""",36.3583466,140.4434992,https://www.tripadvisor.jp/Attraction_Review-g298166-d321200-Reviews-Kairakuen_Park-Mito_Ibaraki_Prefecture_Kanto.html#REVIEWS,country,shrine
13,井の頭恩賜公園,40,642,東京都,関東地方,Kanto,東京都武蔵野市,35.7176916,139.5660882,https://www.tripadvisor.jp/Attraction_Review-g1060900-d315482-Reviews-Inokashira_Onshi_Park-Musashino_Tokyo_Prefecture_Kanto.html#REVIEWS,city,shrine
31,神戸市立王子動物園,40,642,兵庫県,近畿地方,Kinki,"""灘区王子町3-1, 神戸市""",34.7116062,135.2152073,https://www.tripadvisor.jp/Attraction_Review-g298562-d1424158-Reviews-Kobe_Oji_Zoo-Kobe_Hyogo_Prefecture_Kinki.html#REVIEWS,country,park
112,野毛山動物園,40,617,神奈川県,関東地方,Kanto,"""老松町63-10, 西区""",35.4475161,139.6227415,https://www.tripadvisor.jp/Attraction_Review-g14127333-d592940-Reviews-Nogeyama_Zoo-Nishi_Yokohama_Kanagawa_Prefecture_Kanto.html#REVIEWS,city,park
506,花園神社,40,605,東京都,関東地方,Kanto,"""新宿5-17-3, 新宿区""",35.6929128,139.709008,https://www.tripadvisor.jp/Attraction_Review-g1066457-d320690-Reviews-Hanazono_Shrine-Shinjuku_Tokyo_Tokyo_Prefecture_Kanto.html#REVIEWS,city,shrine
12,目黒川,45,587,東京都,関東地方,Kanto,東京23区,35.6803997,139.7690174,https://www.tripadvisor.jp/Attraction_Review-g298184-d1425866-Reviews-Meguro_River-Tokyo_Tokyo_Prefecture_Kanto.html#REVIEWS,country,water
125,富岩運河環水公園,45,582,北陸地方,中部地方,Chubo,"""湊入船町, 富山県富山市""",36.7083199,137.2147539,https://www.tripadvisor.jp/Attraction_Review-g298126-d2700715-Reviews-Fugan_Unga_Kansui_Park-Toyama_Toyama_Prefecture_Hokuriku_Chubu.html#REVIEWS,city,park
41,万博記念公園,45,579,大阪府,近畿地方,Kinki,"""千里万博公園1-1, 大阪府吹田市""",34.8046044,135.5318113,https://www.tripadvisor.jp/Attraction_Review-g1023474-d1407321-Reviews-Expo_70_Commemorative_Park-Suita_Osaka_Prefecture_Kinki.html#REVIEWS,city,garden
194,弘前公園（鷹揚公園）,45,567,青森県,東北地方,Tohoku,"""下白銀町1, 青森県弘前市""",40.6094704,140.4675562,https://www.tripadvisor.jp/Attraction_Review-g303161-d1385336-Reviews-Hirosaki_Park-Hirosaki_Aomori_Prefecture_Tohoku.html#REVIEWS,country,castle
325,八芳園,45,551,東京都,関東地方,Kanto,"""1-1-1, 東京都白金台""",35.6387581,139.725607,https://www.tripadvisor.jp/Attraction_Review-g14131029-d504482-Reviews-Happo_en_Garden-Shirokanedai_Minato_Tokyo_Tokyo_Prefecture_Kanto.html#REVIEWS,city,garden
20,浜松城,35,549,東海地方,近畿地方,Kinki,"""中区元城町100-2, 静岡県浜松市""",34.7132278,137.7262872,https://www.tripadvisor.jp/Attraction_Review-g303148-d1313765-Reviews-Hamamatsu_Castle-Hamamatsu_Shizuoka_Prefecture_Tokai_Chubu.html#REVIEWS,country,castle
25,造幣博物館,45,543,大阪府,近畿地方,Kinki,"""北区天満1-1-79, 大阪市""",34.6965482,135.5210479,https://www.tripadvisor.jp/Attraction_Review-g298566-d1407249-Reviews-Mint_Museum-Osaka_Osaka_Prefecture_Kinki.html#REVIEWS,country,garden
308,中之島公園,40,542,大阪府,近畿地方,Kinki,"""北区中之島1, 大阪市""",34.6930796,135.5054551,https://www.tripadvisor.jp/Attraction_Review-g298566-d324825-Reviews-Nakanoshima_Park-Osaka_Osaka_Prefecture_Kinki.html#REVIEWS,city,garden
517,成田山公園,45,533,千葉県,関東地方,Kanto,"""成田1, 千葉県成田市""",35.7854652,140.31791,https://www.tripadvisor.jp/Attraction_Review-g298161-d1314230-Reviews-Naritasan_Park-Narita_Chiba_Prefecture_Kanto.html#REVIEWS,city,shrine
275,上野東照宮,40,526,東京都,関東地方,Kanto,"""9-88, 東京都上野公園""",35.7154717,139.7740608,https://www.tripadvisor.jp/Attraction_Review-g14134278-d320867-Reviews-Toshogu_Shrine-Uenokoen_Taito_Tokyo_Tokyo_Prefecture_Kanto.html#REVIEWS,city,shrine
175,よこはま動物園ズーラシア,40,520,神奈川県,関東地方,Kanto,"""旭区上白根町1175-1　, 横浜市""",35.4953035,139.526349,https://www.tripadvisor.jp/Attraction_Review-g298173-d561517-Reviews-Yokohama_Zoo_Zoorasia-Yokohama_Kanagawa_Prefecture_Kanto.html#REVIEWS,country,park
295,エキスポシティ,40,502,大阪府,近畿地方,Kinki,"""千里万博公園2-1, 大阪府吹田市""",34.8058632,135.5351097,https://www.tripadvisor.jp/Attraction_Review-g1023474-d8827426-Reviews-Expocity-Suita_Osaka_Prefecture_Kinki.html#REVIEWS,city,
559,不忍池,40,498,東京都,関東地方,Kanto,"""5-20, 東京都上野公園""",35.7154717,139.7740608,https://www.tripadvisor.jp/Attraction_Review-g14134278-d3747622-Reviews-Shinobazu_Pond-Uenokoen_Taito_Tokyo_Tokyo_Prefecture_Kanto.html#REVIEWS,city,shrine
70,福岡城跡,35,480,福岡県,九州・沖縄地方,Kyushu - Okinawa,"""城内, 中央区""",33.5868971,130.3815658,https://www.tripadvisor.jp/Attraction_Review-g14127491-d1423817-Reviews-Fukuoka_Castle_Remains-Chuo_Fukuoka_Fukuoka_Prefecture_Kyushu.html#REVIEWS,city,castle
511,縄手通り商店街,35,472,甲信越,中部地方,Chubo,長野県松本市,36.2380434,137.9719897,https://www.tripadvisor.jp/Attraction_Review-g298118-d2299158-Reviews-Nawate_Shopping_District-Matsumoto_Nagano_Prefecture_Koshinetsu_Chubu.html#REVIEWS,country,
36,新宿中央公園,40,447,東京都,関東地方,Kanto,"""2-11, 東京都西新宿""",35.6913457,139.69369,https://www.tripadvisor.jp/Attraction_Review-g14133673-d1594916-Reviews-Shinjuku_Chuo_Park-Nishishinjuku_Shinjuku_Tokyo_Tokyo_Prefecture_Kanto.html#REVIEWS,city,shrine
266,ホテル椿山荘東京 庭園,45,445,東京都,関東地方,Kanto,"""関口2‐10‐8, 文京区""",35.7129717,139.7254974,https://www.tripadvisor.jp/Attraction_Review-g1066442-d504483-Reviews-Hotel_Chinzanso_Tokyo_Garden-Bunkyo_Tokyo_Tokyo_Prefecture_Kanto.html#REVIEWS,city,garden
38,河津桜 (河津町),45,440,東海地方,近畿地方,Kinki,静岡県河津町,34.7569968,138.9876072,https://www.tripadvisor.jp/Attraction_Review-g1121206-d2640245-Reviews-Kawazu_Zakura_Kawazucho-Kawazu_cho_Kamo_gun_Shizuoka_Prefecture_Tokai_Chubu.html#REVIEWS,country,water
55,葛西臨海公園,40,432,東京都,関東地方,Kanto,"""臨海町6-2-1, 東京都江戸川区""",35.6431837,139.8604888,https://www.tripadvisor.jp/Attraction_Review-g1066445-d1927946-Reviews-Kasai_Rinkai_Park-Edogawa_Tokyo_Tokyo_Prefecture_Kanto.html#REVIEWS,city,garden
65,愛宕神社,40,402,東京都,関東地方,Kanto,"""愛宕 1-5-3, 港区""",35.6650691,139.7485152,https://www.tripadvisor.jp/Attraction_Review-g1066451-d561640-Reviews-Atago_Shrine-Minato_Tokyo_Tokyo_Prefecture_Kanto.html#REVIEWS,city,shrine
114,宇治川,40,392,京都府,近畿地方,Kinki,京都府宇治市,34.8845134,135.7997037,https://www.tripadvisor.jp/Attraction_Review-g946495-d1424625-Reviews-Uji_River-Uji_Kyoto_Prefecture_Kinki.html#REVIEWS,city,water
2,花見小路通,40,390,京都府,近畿地方,Kinki,"""東山区, 京都市""",34.9923961,135.7757965,https://www.tripadvisor.jp/Attraction_Review-g298564-d1956593-Reviews-Hanamikoji_Street-Kyoto_Kyoto_Prefecture_Kinki.html#REVIEWS,city,
124,千秋公園,40,388,秋田県,東北地方,Tohoku,"""千秋公園, 秋田県秋田市""",39.7216991,140.1243531,https://www.tripadvisor.jp/Attraction_Review-g298239-d1423591-Reviews-Senshu_Park-Akita_Akita_Prefecture_Tohoku.html#REVIEWS,city,castle
549,眉山,40,386,徳島県,四国地方,Shikoku,"""眉山町, 徳島県徳島市""",34.0689604,134.5395988,https://www.tripadvisor.jp/Attraction_Review-g298236-d1397375-Reviews-Mt_Bizan-Tokushima_Tokushima_Prefecture_Shikoku.html#REVIEWS,city,mountain
26,京都府立植物園,45,384,京都府,近畿地方,Kinki,"""左京区下鴨半木町, 京都市""",35.0489103,135.7645385,https://www.tripadvisor.jp/Attraction_Review-g298564-d1798946-Reviews-Kyoto_Botanical_Garden-Kyoto_Kyoto_Prefecture_Kinki.html#REVIEWS,city,shrine
46,隅田川,40,383,東京都,関東地方,Kanto,東京23区,35.6803997,139.7690174,https://www.tripadvisor.jp/Attraction_Review-g298184-d555385-Reviews-Sumida_River-Tokyo_Tokyo_Prefecture_Kanto.html#REVIEWS,city,park
11,円山公園,40,380,札幌市,北海道地方,Hokkaido,"""中央区宮ヶ丘, 札幌市""",43.0535087,141.3077944,https://www.tripadvisor.jp/Attraction_Review-g298560-d1384186-Reviews-Maruyama_Park-Sapporo_Hokkaido.html#REVIEWS,country,mountain
72,都立芝公園,40,370,東京都,関東地方,Kanto,"""1～4, 東京都芝公園""",35.654938,139.7479837,https://www.tripadvisor.jp/Attraction_Review-g14129730-d1373793-Reviews-Shiba_Park-Shibakoen_Minato_Tokyo_Tokyo_Prefecture_Kanto.html#REVIEWS,city,shrine
274,玉藻公園,40,357,香川県,四国地方,Shikoku,"""玉藻町2-1, 高松市""",34.3496864,134.0513908,https://www.tripadvisor.jp/Attraction_Review-g298232-d1397446-Reviews-Tamamo_Park-Takamatsu_Kagawa_Prefecture_Shikoku.html#REVIEWS,city,park
68,福山城,35,356,広島県,中国地方,Chugoku,"""丸之内一丁目8, 広島県福山市""",34.4907595,133.3611428,https://www.tripadvisor.jp/Attraction_Review-g298131-d1384414-Reviews-Fukuyama_Castle-Fukuyama_Hiroshima_Prefecture_Chugoku.html#REVIEWS,country,castle
99,汽車道,40,353,神奈川県,関東地方,Kanto,"""中区新港町, 横浜市""",35.4440077,139.6364423,https://www.tripadvisor.jp/Attraction_Review-g298173-d320021-Reviews-Kishamichi_Promenade-Yokohama_Kanagawa_Prefecture_Kanto.html#REVIEWS,city,water
22,舞鶴公園,40,343,福岡県,九州・沖縄地方,Kyushu - Okinawa,"""城内, 中央区""",33.5868971,130.3815658,https://www.tripadvisor.jp/Attraction_Review-g14127491-d325353-Reviews-Maizuru_Park-Chuo_Fukuoka_Fukuoka_Prefecture_Kyushu.html#REVIEWS,country,castle
583,旧芝離宮恩賜庭園,40,339,東京都,関東地方,Kanto,"""海岸1-4-1, 港区""",35.6580813,139.7515077,https://www.tripadvisor.jp/Attraction_Review-g1066451-d2075268-Reviews-Former_Shiba_Rikyu_Gardens-Minato_Tokyo_Tokyo_Prefecture_Kanto.html#REVIEWS,city,garden
10,砧公園,45,336,東京都,関東地方,Kanto,"""砧公園, 世田谷区""",35.6301013,139.6184342,https://www.tripadvisor.jp/Attraction_Review-g1066455-d1602616-Reviews-Kinuta_Park-Setagaya_Tokyo_Tokyo_Prefecture_Kanto.html#REVIEWS,city,park
547,岡崎城,40,333,東海地方,近畿地方,Kinki,"""康生町561, 愛知県岡崎市""",34.9561937,137.1590984,https://www.tripadvisor.jp/Attraction_Review-g788304-d1309910-Reviews-Okazaki_Castle-Okazaki_Aichi_Prefecture_Tokai_Chubu.html#REVIEWS,country,castle
33,喜多院,40,329,埼玉県,関東地方,Kanto,"""小仙波町1-20-1, 埼玉県川越市""",35.9172304,139.4895315,https://www.tripadvisor.jp/Attraction_Review-g298177-d1397090-Reviews-Kitain-Kawagoe_Saitama_Prefecture_Kanto.html#REVIEWS,country,shrine
159,谷中霊園,40,314,東京都,関東地方,Kanto,"""7-5-24, 東京都谷中""",35.7250389,139.7690417,https://www.tripadvisor.jp/Attraction_Review-g14134297-d1603597-Reviews-Yanaka_Cemetery-Yanaka_Taito_Tokyo_Tokyo_Prefecture_Kanto.html#REVIEWS,city,
27,さくらの山公園,45,313,千葉県,関東地方,Kanto,"""駒井野1338-1, 千葉県成田市""",35.7771476,140.3632809,https://www.tripadvisor.jp/Attraction_Review-g298161-d1580227-Reviews-Sakura_no_yama_Park-Narita_Chiba_Prefecture_Kanto.html#REVIEWS,country,park
611,旧岩崎邸庭園,40,310,東京都,関東地方,Kanto,"""池之端1-3-45, 台東区""",35.7099507,139.7675841,https://www.tripadvisor.jp/Attraction_Review-g1066461-d321036-Reviews-Kyu_Iwasakitei_Teien-Taito_Tokyo_Tokyo_Prefecture_Kanto.html#REVIEWS,country,park
23,鶴舞公園,40,300,東海地方,近畿地方,Kinki,"""昭和区鶴舞1, 名古屋市""",35.1546224,136.9204248,https://www.tripadvisor.jp/Attraction_Review-g298106-d1309834-Reviews-Tsuruma_Park-Nagoya_Aichi_Prefecture_Tokai_Chubu.html#REVIEWS,city,park
407,河津七滝,40,299,東海地方,近畿地方,Kinki,"""梨本, 静岡県河津町""",34.8055011,138.9303587,https://www.tripadvisor.jp/Attraction_Review-g1121206-d1238306-Reviews-Kawazu_Nanadaru_Waterfalls-Kawazu_cho_Kamo_gun_Shizuoka_Prefecture_Tokai_Chubu.html#REVIEWS,country,park
37,高遠城址公園,45,297,甲信越,中部地方,Chubo,"""高遠町東高遠, 長野県伊那市""",35.8378337,138.0753917,https://www.tripadvisor.jp/Attraction_Review-g1021343-d552422-Reviews-Takato_Castle_Remains_Park-Ina_Nagano_Prefecture_Koshinetsu_Chubu.html#REVIEWS,country,castle
28,吉野山,45,292,奈良県,近畿地方,Kinki,奈良県吉野町,34.396001,135.857574,https://www.tripadvisor.jp/Attraction_Review-g1121327-d1384139-Reviews-Mt_Yoshino-Yoshino_cho_Yoshino_gun_Nara_Prefecture_Kinki.html#REVIEWS,country,mountain
50,駒沢オリンピック公園,40,292,東京都,関東地方,Kanto,"""駒沢公園1-1, 世田谷区""",35.6249206,139.6611525,https://www.tripadvisor.jp/Attraction_Review-g1066455-d1956573-Reviews-Komazawa_Olympic_Park-Setagaya_Tokyo_Tokyo_Prefecture_Kanto.html#REVIEWS,city,park
371,さがみ湖リゾート プレジャーフォレスト,40,292,神奈川県,関東地方,Kanto,"""緑区若柳1634, 神奈川県相模原市""",35.6048198,139.2011658,https://www.tripadvisor.jp/Attraction_Review-g1021282-d1881044-Reviews-Sagami_Lake_Resort_Pleasure_Forest-Sagamihara_Kanagawa_Prefecture_Kanto.html#REVIEWS,country,water
104,池上本門寺,40,289,東京都,関東地方,Kanto,"""池上1-1-1, 大田区""",35.5778476,139.7053026,https://www.tripadvisor.jp/Attraction_Review-g1066454-d1237077-Reviews-Ikegami_Hommon_ji_Temple-Ota_Tokyo_Tokyo_Prefecture_Kanto.html#REVIEWS,city,shrine
831,南禅寺 順正,40,289,京都府,近畿地方,Kinki,"""左京区南禅寺門前, 京都市""",35.0114138,135.7944841,https://www.tripadvisor.jp/Restaurant_Review-g298564-d1678712-Reviews-Nanzenji_Junsei-Kyoto_Kyoto_Prefecture_Kinki.html#REVIEWS,country,shrine
44,はままつフラワーパーク,40,288,東海地方,近畿地方,Kinki,"""西区舘山寺町195, 静岡県浜松市""",34.7632995,137.6329047,https://www.tripadvisor.jp/Attraction_Review-g303148-d553455-Reviews-Hamamatsu_Flower_Park-Hamamatsu_Shizuoka_Prefecture_Tokai_Chubu.html#REVIEWS,country,garden
272,京都御苑,45,285,京都府,近畿地方,Kinki,"""上京区, 京都市""",35.0281683,135.7568372,https://www.tripadvisor.jp/Attraction_Review-g298564-d543479-Reviews-Kyoto_Gyoen_National_Garden-Kyoto_Kyoto_Prefecture_Kinki.html#REVIEWS,city,garden
88,隅田公園,40,275,東京都,関東地方,Kanto,"""1-2-5, 東京都向島""",35.7151607,139.8073929,https://www.tripadvisor.jp/Attraction_Review-g14134348-d2549569-Reviews-Sumida_Park-Mukou_jima_Sumida_Tokyo_Tokyo_Prefecture_Kanto.html#REVIEWS,city,park
49,道後公園(湯築城跡),40,268,愛媛県,四国地方,Shikoku,"""道後公園, 愛媛県松山市""",33.8485271,132.7863684,https://www.tripadvisor.jp/Attraction_Review-g298230-d1383907-Reviews-Dogo_Park_Ruins_of_Yuzuki_Castle-Matsuyama_Ehime_Prefecture_Shikoku.html#REVIEWS,city,park
17,飛鳥山公園,40,263,東京都,関東地方,Kanto,"""王子1-1-3, 東京都北区""",35.7496151,139.7389209,https://www.tripadvisor.jp/Attraction_Review-g1066448-d2423696-Reviews-Asukayama_Park-Kita_Tokyo_Tokyo_Prefecture_Kanto.html#REVIEWS,city,park
333,金峯山寺,45,263,奈良県,近畿地方,Kinki,"""吉野山, 奈良県吉野町""",34.3628367,135.868331,https://www.tripadvisor.jp/Attraction_Review-g1121327-d1386050-Reviews-Kinpusenji_Temple-Yoshino_cho_Yoshino_gun_Nara_Prefecture_Kinki.html#REVIEWS,country,mountain
75,千波湖遊歩道,40,262,茨城県,関東地方,Kanto,茨城県水戸市,36.3658764,140.4713723,https://www.tripadvisor.jp/Attraction_Review-g298166-d1424206-Reviews-Semba_Boadwalk-Mito_Ibaraki_Prefecture_Kanto.html#REVIEWS,country,water
77,毛馬桜之宮公園,45,261,大阪府,近畿地方,Kinki,"""北区長柄東1丁目, 大阪市""",34.7116823,135.5187145,https://www.tripadvisor.jp/Attraction_Review-g298566-d2005658-Reviews-Kemasakuranomiya_Park-Osaka_Osaka_Prefecture_Kinki.html#REVIEWS,country,park
582,小倉駅 駅舎,40,261,福岡県,九州・沖縄地方,Kyushu - Okinawa,"""小倉北区 浅野 1丁目, 北九州市""",33.8869088,130.885787,https://www.tripadvisor.jp/Attraction_Review-g303160-d8699825-Reviews-Kokura_Station_Building-Kitakyushu_Fukuoka_Prefecture_Kyushu.html#REVIEWS,country,
76,盛岡城跡公園,40,258,岩手県,東北地方,Tohoku,"""丸1-37, 岩手県盛岡市""",39.872962,141.173324,https://www.tripadvisor.jp/Attraction_Review-g298247-d555342-Reviews-Iwate_Park_Koen-Morioka_Iwate_Prefecture_Tohoku.html#REVIEWS,city,shrine
